{"stats":{"minecraft:custom":{"minecraft:mob_kills":180,"minecraft:interact_with_crafting_table":101,"minecraft:bell_ring":48,"minecraft:leave_game":15,"minecraft:time_since_death":77166,"minecraft:climb_one_cm":581,"minecraft:sprint_one_cm":1361783,"minecraft:walk_one_cm":1750564,"minecraft:damage_blocked_by_shield":1953,"minecraft:drop":89,"minecraft:talked_to_villager":80,"minecraft:play_time":584261,"minecraft:deaths":5,"minecraft:sneak_time":12406,"minecraft:walk_under_water_one_cm":43309,"minecraft:boat_one_cm":71031,"minecraft:jump":9510,"minecraft:walk_on_water_one_cm":77787,"minecraft:enchant_item":2,"minecraft:total_world_time":584261,"minecraft:interact_with_furnace":104,"minecraft:interact_with_grindstone":3,"minecraft:sleep_in_bed":31,"minecraft:time_since_rest":1604,"minecraft:damage_taken":5295,"minecraft:minecart_one_cm":5611,"minecraft:damage_dealt":15419,"minecraft:swim_one_cm":23073,"minecraft:fly_one_cm":1607014,"minecraft:open_chest":226,"minecraft:crouch_one_cm":40846,"minecraft:interact_with_smoker":1,"minecraft:fall_one_cm":215268,"minecraft:inspect_dispenser":13},"minecraft:killed":{"minecraft:spider":5,"minecraft:skeleton":121,"minecraft:chicken":2,"minecraft:drowned":1,"minecraft:zombie_villager":1,"minecraft:pig":1,"minecraft:hoglin":2,"minecraft:creeper":5,"minecraft:zombie":33,"minecraft:villager":1,"minecraft:enderman":3,"minecraft:cow":2},"minecraft:used":{"minecraft:oak_trapdoor":7,"minecraft:iron_shovel":525,"minecraft:redstone":16,"minecraft:chest":4,"minecraft:spruce_planks":31,"minecraft:shield":64,"minecraft:iron_sword":299,"minecraft:cooked_chicken":2,"minecraft:rotten_flesh":3,"minecraft:netherrack":100,"minecraft:torch":37,"minecraft:dirt":869,"minecraft:soul_sand":1,"minecraft:carrot":34,"minecraft:tuff":10,"minecraft:granite":1,"minecraft:snowball":3,"minecraft:spruce_boat":1,"minecraft:iron_hoe":141,"minecraft:grass_block":2,"minecraft:golden_carrot":2,"minecraft:bow":1,"minecraft:beef":7,"minecraft:sweet_berries":3,"minecraft:furnace":3,"minecraft:minecart":16,"minecraft:cooked_beef":8,"minecraft:potato":15,"minecraft:cobbled_deepslate":30,"minecraft:golden_boots":2,"minecraft:wheat_seeds":107,"minecraft:cooked_mutton":3,"minecraft:water_bucket":31,"minecraft:diorite":1,"minecraft:diamond_boots":2,"minecraft:composter":2,"minecraft:oak_planks":50,"minecraft:stone_pickaxe":155,"minecraft:powered_rail":4,"minecraft:baked_potato":8,"minecraft:diamond_axe":92,"minecraft:wooden_pickaxe":92,"minecraft:fletching_table":4,"minecraft:cobblestone_slab":5,"minecraft:rail":544,"minecraft:crafting_table":13,"minecraft:crossbow":3,"minecraft:dripstone_block":11,"minecraft:white_bed":5,"minecraft:redstone_torch":2,"minecraft:piston":5,"minecraft:lever":7,"minecraft:diamond_pickaxe":597,"minecraft:apple":6,"minecraft:diamond_shovel":577,"minecraft:bread":58,"minecraft:iron_pickaxe":328,"minecraft:lectern":2,"minecraft:gravel":114,"minecraft:stone_axe":24,"minecraft:diamond_sword":304,"minecraft:wooden_sword":16,"minecraft:crimson_fungus":1,"minecraft:cobblestone":113,"minecraft:grindstone":6,"minecraft:cooked_porkchop":8,"minecraft:bucket":33,"minecraft:andesite":5,"minecraft:yellow_bed":14},"minecraft:crafted":{"minecraft:golden_carrot":2,"minecraft:wooden_sword":1,"minecraft:oak_planks":208,"minecraft:cobblestone_slab":6,"minecraft:cooked_chicken":7,"minecraft:furnace":3,"minecraft:piston":5,"minecraft:lever":9,"minecraft:diamond_shovel":1,"minecraft:bookshelf":1,"minecraft:cooked_mutton":3,"minecraft:oak_trapdoor":12,"minecraft:diamond_leggings":1,"minecraft:iron_hoe":1,"minecraft:stone_pickaxe":2,"minecraft:chest":4,"minecraft:spruce_boat":1,"minecraft:diamond_boots":1,"minecraft:rail":224,"minecraft:observer":1,"minecraft:minecart":3,"minecraft:golden_boots":1,"minecraft:wheat":99,"minecraft:cooked_beef":4,"minecraft:oak_slab":24,"minecraft:diamond_sword":1,"minecraft:cooked_porkchop":9,"minecraft:diamond_axe":1,"minecraft:crafting_table":13,"minecraft:spruce_planks":64,"minecraft:wooden_pickaxe":2,"minecraft:powered_rail":6,"minecraft:baked_potato":8,"minecraft:iron_helmet":1,"minecraft:iron_sword":1,"minecraft:fletching_table":2,"minecraft:bucket":2,"minecraft:stone_axe":1,"minecraft:bread":40,"minecraft:air":0,"minecraft:dispenser":3,"minecraft:gold_nugget":18,"minecraft:lectern":1,"minecraft:book":12,"minecraft:iron_chestplate":1,"minecraft:paper":36,"minecraft:diamond_pickaxe":1,"minecraft:shield":1,"minecraft:stick":72,"minecraft:iron_ingot":134,"minecraft:iron_pickaxe":2,"minecraft:iron_shovel":2,"minecraft:gold_ingot":4,"minecraft:redstone_torch":4,"minecraft:composter":2,"minecraft:torch":40},"minecraft:dropped":{"minecraft:water_bucket":1,"minecraft:bread":1,"minecraft:iron_ingot":5,"minecraft:iron_sword":3,"minecraft:piston":1,"minecraft:wheat_seeds":1,"minecraft:minecart":2,"minecraft:cooked_porkchop":5,"minecraft:book":9,"minecraft:spectral_arrow":2,"minecraft:leather":5,"minecraft:dirt":5,"minecraft:dispenser":4,"minecraft:gold_ingot":8,"minecraft:lever":1,"minecraft:carrot":43,"minecraft:diamond_sword":1,"minecraft:redstone_torch":5,"minecraft:bow":1,"minecraft:arrow":1},"minecraft:broken":{"minecraft:iron_shovel":2,"minecraft:wooden_pickaxe":1,"minecraft:iron_pickaxe":1,"minecraft:iron_helmet":1},"minecraft:picked_up":{"minecraft:crafting_table":2,"minecraft:iron_chestplate":3,"minecraft:wheat":37,"minecraft:azure_bluet":1,"minecraft:chicken":2,"minecraft:diamond_sword":3,"minecraft:wooden_pickaxe":3,"minecraft:oak_stairs":1,"minecraft:potion":2,"minecraft:shield":2,"minecraft:oak_trapdoor":3,"minecraft:string":19,"minecraft:red_bed":1,"minecraft:wooden_sword":1,"minecraft:white_carpet":1,"minecraft:shroomlight":2,"minecraft:diamond_leggings":2,"minecraft:gold_nugget":62,"minecraft:cobbled_deepslate":33,"minecraft:spruce_planks":18,"minecraft:beef":7,"minecraft:cobblestone_slab":1,"minecraft:redstone_torch":3,"minecraft:lectern":1,"minecraft:iron_pickaxe":1,"minecraft:light_gray_wool":1,"minecraft:minecart":16,"minecraft:sugar_cane":42,"minecraft:piston":1,"minecraft:stick":59,"minecraft:raw_iron":33,"minecraft:torch":13,"minecraft:porkchop":7,"minecraft:pointed_dripstone":52,"minecraft:diorite":7,"minecraft:carrot":128,"minecraft:redstone":51,"minecraft:arrow":146,"minecraft:rotten_flesh":40,"minecraft:diamond_boots":1,"minecraft:hay_block":3,"minecraft:gold_ingot":13,"minecraft:obsidian":2,"minecraft:snowball":3,"minecraft:rail":523,"minecraft:cobblestone":164,"minecraft:oxeye_daisy":1,"minecraft:stripped_oak_log":3,"minecraft:feather":1,"minecraft:cooked_beef":4,"minecraft:water_bucket":2,"minecraft:andesite":5,"minecraft:leather":7,"minecraft:blue_bed":1,"minecraft:potato":39,"minecraft:flint":8,"minecraft:crimson_fungus":2,"minecraft:tuff":14,"minecraft:oak_log":49,"minecraft:nether_wart_block":6,"minecraft:golden_boots":1,"minecraft:yellow_bed":20,"minecraft:gunpowder":1,"minecraft:lapis_lazuli":156,"minecraft:dirt":1061,"minecraft:bone":134,"minecraft:bow":9,"minecraft:wheat_seeds":186,"minecraft:raw_gold":27,"minecraft:iron_ingot":29,"minecraft:grindstone":7,"minecraft:stone_pickaxe":2,"minecraft:fletching_table":2,"minecraft:iron_sword":4,"minecraft:oak_planks":46,"minecraft:soul_sand":17,"minecraft:cooked_porkchop":4,"minecraft:sweet_berries":24,"minecraft:dandelion":11,"minecraft:poisonous_potato":2,"minecraft:dripstone_block":15,"minecraft:gravel":171,"minecraft:spruce_sapling":3,"minecraft:spruce_log":23,"minecraft:white_bed":10,"minecraft:grass_block":4,"minecraft:spectral_arrow":14,"minecraft:spider_eye":4,"minecraft:iron_hoe":1,"minecraft:diamond_shovel":1,"minecraft:dispenser":1,"minecraft:diamond":26,"minecraft:spruce_boat":2,"minecraft:stone_axe":1,"minecraft:lever":3,"minecraft:iron_helmet":1,"minecraft:granite":13,"minecraft:diamond_axe":1,"minecraft:emerald":1,"minecraft:bread":22,"minecraft:oak_sapling":1,"minecraft:netherrack":123,"minecraft:coal":58,"minecraft:crimson_roots":8,"minecraft:ender_pearl":2,"minecraft:diamond_pickaxe":2},"minecraft:killed_by":{"minecraft:player":1,"minecraft:creeper":1,"minecraft:skeleton":1,"minecraft:zombie":1},"minecraft:mined":{"minecraft:nether_gold_ore":8,"minecraft:tuff":15,"minecraft:spruce_planks":2,"minecraft:white_bed":8,"minecraft:deepslate_diamond_ore":26,"minecraft:sculk_vein":3,"minecraft:granite":7,"minecraft:grass_block":771,"minecraft:crimson_roots":6,"minecraft:redstone_wire":2,"minecraft:spruce_leaves":58,"minecraft:crimson_fungus":1,"minecraft:hay_block":3,"minecraft:tall_seagrass":9,"minecraft:magma_block":10,"minecraft:oak_trapdoor":1,"minecraft:carrots":18,"minecraft:cobbled_deepslate":2,"minecraft:iron_ore":9,"minecraft:fire":1,"minecraft:andesite":6,"minecraft:deepslate_lapis_ore":10,"minecraft:fletching_table":2,"minecraft:azure_bluet":1,"minecraft:dirt_path":1,"minecraft:potatoes":6,"minecraft:pointed_dripstone":19,"minecraft:cobblestone_slab":1,"minecraft:deepslate_iron_ore":25,"minecraft:shroomlight":1,"minecraft:rail":513,"minecraft:oak_stairs":1,"minecraft:stripped_oak_log":4,"minecraft:stone":124,"minecraft:deepslate_redstone_ore":13,"minecraft:soul_sand":1,"minecraft:crimson_nylium":1,"minecraft:dandelion":6,"minecraft:powder_snow":59,"minecraft:crafting_table":2,"minecraft:torch":6,"minecraft:short_grass":218,"minecraft:lectern":1,"minecraft:cobblestone":15,"minecraft:tall_grass":34,"minecraft:deepslate_gold_ore":27,"minecraft:lapis_ore":4,"minecraft:oak_planks":36,"minecraft:grindstone":7,"minecraft:sugar_cane":22,"minecraft:blue_bed":1,"minecraft:sculk":47,"minecraft:diorite":2,"minecraft:wall_torch":2,"minecraft:seagrass":8,"minecraft:sweet_berry_bush":2,"minecraft:nether_wart_block":3,"minecraft:redstone_torch":1,"minecraft:wheat":66,"minecraft:ice":2,"minecraft:white_carpet":1,"minecraft:spruce_log":16,"minecraft:birch_leaves":6,"minecraft:yellow_bed":14,"minecraft:coal_ore":38,"minecraft:oak_log":50,"minecraft:gravel":125,"minecraft:dripstone_block":13,"minecraft:dirt":269,"minecraft:netherrack":122,"minecraft:piston":1,"minecraft:oak_leaves":21,"minecraft:deepslate":26}},"DataVersion":3953}