{"stats":{"minecraft:killed_by":{"minecraft:enderman":2},"minecraft:picked_up":{"minecraft:golden_carrot":14,"minecraft:iron_door":6,"minecraft:water_bucket":2,"minecraft:andesite":1,"minecraft:diamond_sword":2,"minecraft:potion":1,"minecraft:tuff":74,"minecraft:shield":2,"minecraft:blue_bed":1,"minecraft:bone":2,"minecraft:stone_bricks":1,"minecraft:bow":4,"minecraft:cracked_stone_bricks":6,"minecraft:diamond_leggings":2,"minecraft:cobbled_deepslate":16,"minecraft:mossy_stone_bricks":3,"minecraft:diamond_helmet":3,"minecraft:oak_planks":9,"minecraft:book":90,"minecraft:end_stone":202,"minecraft:torch":2,"minecraft:carrot":90,"minecraft:white_bed":4,"minecraft:dragon_egg":1,"minecraft:mossy_cobblestone":2,"minecraft:arrow":2,"minecraft:diamond_chestplate":3,"minecraft:diamond":8,"minecraft:diamond_boots":2,"minecraft:crossbow":2,"minecraft:shulker_shell":2,"minecraft:diamond_pickaxe":2,"minecraft:cobblestone":10,"minecraft:ender_pearl":9},"minecraft:used":{"minecraft:water_bucket":1,"minecraft:diamond_boots":2,"minecraft:ender_pearl":6,"minecraft:shield":25,"minecraft:blue_bed":1,"minecraft:cracked_stone_bricks":3,"minecraft:torch":1,"minecraft:mossy_cobblestone":1,"minecraft:dirt":11,"minecraft:crafting_table":1,"minecraft:carrot":24,"minecraft:diamond_helmet":1,"minecraft:crossbow":29,"minecraft:white_bed":5,"minecraft:tuff":51,"minecraft:end_stone":150,"minecraft:wooden_axe":26,"minecraft:diamond_pickaxe":366,"minecraft:diamond_chestplate":1,"minecraft:bow":38,"minecraft:diamond_sword":277,"minecraft:golden_carrot":14,"minecraft:cobblestone":2,"minecraft:bucket":1,"minecraft:andesite":1,"minecraft:cobbled_deepslate":16,"minecraft:diamond_leggings":1},"minecraft:crafted":{"minecraft:golden_carrot":17,"minecraft:crafting_table":1,"minecraft:diamond_helmet":1,"minecraft:gold_nugget":108,"minecraft:shield":1,"minecraft:stick":4,"minecraft:wooden_axe":1,"minecraft:diamond_chestplate":1},"minecraft:dropped":{"minecraft:lapis_lazuli":50,"minecraft:cobbled_deepslate":16,"minecraft:diamond":12,"minecraft:tuff":6,"minecraft:cobblestone":7,"minecraft:cracked_stone_bricks":3,"minecraft:diamond_chestplate":1,"minecraft:dragon_egg":1,"minecraft:mossy_stone_bricks":3,"minecraft:iron_door":6,"minecraft:diamond_helmet":1,"minecraft:potion":1,"minecraft:stone_bricks":1},"minecraft:mined":{"minecraft:tuff":41,"minecraft:white_bed":2,"minecraft:mossy_cobblestone":2,"minecraft:deepslate_diamond_ore":2,"minecraft:end_stone":210,"minecraft:granite":2,"minecraft:short_grass":1,"minecraft:cobblestone":1,"minecraft:oak_planks":9,"minecraft:iron_door":6,"minecraft:wall_torch":2,"minecraft:cobbled_deepslate":13,"minecraft:andesite":11,"minecraft:bookshelf":30,"minecraft:cracked_stone_bricks":3,"minecraft:stone":32,"minecraft:stone_bricks":1,"minecraft:mossy_stone_bricks":4,"minecraft:oak_leaves":5,"minecraft:deepslate":21},"minecraft:killed":{"minecraft:creeper":1,"minecraft:shulker":1,"minecraft:skeleton":1,"minecraft:enderman":13},"minecraft:custom":{"minecraft:mob_kills":16,"minecraft:interact_with_anvil":5,"minecraft:interact_with_crafting_table":9,"minecraft:leave_game":2,"minecraft:time_since_death":28902,"minecraft:sleep_in_bed":4,"minecraft:climb_one_cm":1130,"minecraft:time_since_rest":28931,"minecraft:sprint_one_cm":293445,"minecraft:open_enderchest":1,"minecraft:damage_taken":2091,"minecraft:walk_one_cm":201906,"minecraft:damage_blocked_by_shield":1125,"minecraft:drop":30,"minecraft:damage_dealt":6119,"minecraft:fly_one_cm":672263,"minecraft:open_chest":36,"minecraft:crouch_one_cm":12638,"minecraft:play_time":109343,"minecraft:deaths":2,"minecraft:sneak_time":4243,"minecraft:walk_under_water_one_cm":522,"minecraft:jump":1807,"minecraft:walk_on_water_one_cm":1540,"minecraft:total_world_time":109343,"minecraft:fall_one_cm":46884}},"DataVersion":3953}