{"stats":{"minecraft:picked_up":{"minecraft:iron_door":6,"minecraft:andesite":1,"minecraft:potion":1,"minecraft:tuff":6,"minecraft:blue_bed":1,"minecraft:bone":2,"minecraft:stone_bricks":1,"minecraft:cracked_stone_bricks":3,"minecraft:cobbled_deepslate":16,"minecraft:mossy_stone_bricks":3,"minecraft:diamond_helmet":1,"minecraft:oak_planks":9,"minecraft:book":90,"minecraft:end_stone":13,"minecraft:torch":2,"minecraft:white_bed":4,"minecraft:mossy_cobblestone":2,"minecraft:arrow":2,"minecraft:diamond_chestplate":1,"minecraft:diamond":8,"minecraft:cobblestone":9},"minecraft:used":{"minecraft:blue_bed":1,"minecraft:torch":1,"minecraft:mossy_cobblestone":1,"minecraft:crafting_table":1,"minecraft:carrot":2,"minecraft:crossbow":29,"minecraft:white_bed":5,"minecraft:end_stone":7,"minecraft:wooden_axe":26,"minecraft:diamond_pickaxe":146,"minecraft:bow":38,"minecraft:diamond_sword":76,"minecraft:golden_carrot":7,"minecraft:cobblestone":2,"minecraft:andesite":1},"minecraft:crafted":{"minecraft:golden_carrot":17,"minecraft:crafting_table":1,"minecraft:diamond_helmet":1,"minecraft:gold_nugget":108,"minecraft:shield":1,"minecraft:stick":4,"minecraft:wooden_axe":1,"minecraft:diamond_chestplate":1},"minecraft:dropped":{"minecraft:lapis_lazuli":50,"minecraft:cobbled_deepslate":16,"minecraft:diamond":12,"minecraft:tuff":6,"minecraft:cobblestone":7,"minecraft:cracked_stone_bricks":3,"minecraft:diamond_chestplate":1,"minecraft:mossy_stone_bricks":3,"minecraft:iron_door":6,"minecraft:diamond_helmet":1,"minecraft:potion":1,"minecraft:stone_bricks":1},"minecraft:mined":{"minecraft:tuff":11,"minecraft:white_bed":2,"minecraft:mossy_cobblestone":2,"minecraft:deepslate_diamond_ore":2,"minecraft:end_stone":20,"minecraft:granite":2,"minecraft:short_grass":1,"minecraft:cobblestone":1,"minecraft:oak_planks":9,"minecraft:iron_door":6,"minecraft:wall_torch":2,"minecraft:cobbled_deepslate":13,"minecraft:andesite":11,"minecraft:bookshelf":30,"minecraft:cracked_stone_bricks":3,"minecraft:stone":32,"minecraft:stone_bricks":1,"minecraft:mossy_stone_bricks":4,"minecraft:oak_leaves":5,"minecraft:deepslate":21},"minecraft:killed":{"minecraft:creeper":1,"minecraft:skeleton":1,"minecraft:enderman":1},"minecraft:custom":{"minecraft:mob_kills":3,"minecraft:interact_with_anvil":5,"minecraft:interact_with_crafting_table":9,"minecraft:leave_game":2,"minecraft:time_since_death":60963,"minecraft:sleep_in_bed":4,"minecraft:climb_one_cm":1130,"minecraft:time_since_rest":12956,"minecraft:sprint_one_cm":148561,"minecraft:damage_taken":535,"minecraft:walk_one_cm":105798,"minecraft:drop":29,"minecraft:damage_dealt":164,"minecraft:fly_one_cm":412040,"minecraft:open_chest":34,"minecraft:crouch_one_cm":80,"minecraft:play_time":61343,"minecraft:sneak_time":153,"minecraft:walk_under_water_one_cm":522,"minecraft:jump":708,"minecraft:walk_on_water_one_cm":1289,"minecraft:total_world_time":61343,"minecraft:fall_one_cm":19065}},"DataVersion":3953}