{"stats":{"minecraft:picked_up":{"minecraft:diamond_chestplate":1,"minecraft:diamond":6,"minecraft:diamond_helmet":1},"minecraft:crafted":{"minecraft:diamond_helmet":1,"minecraft:diamond_chestplate":1},"minecraft:dropped":{"minecraft:lapis_lazuli":50,"minecraft:diamond_chestplate":1,"minecraft:diamond":12,"minecraft:diamond_helmet":1},"minecraft:custom":{"minecraft:time_since_rest":7343,"minecraft:open_chest":10,"minecraft:crouch_one_cm":55,"minecraft:play_time":7343,"minecraft:sprint_one_cm":11194,"minecraft:walk_one_cm":13511,"minecraft:sneak_time":18,"minecraft:walk_under_water_one_cm":522,"minecraft:interact_with_anvil":2,"minecraft:drop":15,"minecraft:jump":94,"minecraft:leave_game":2,"minecraft:time_since_death":7343,"minecraft:walk_on_water_one_cm":532,"minecraft:total_world_time":7343,"minecraft:fly_one_cm":19335,"minecraft:interact_with_crafting_table":1,"minecraft:fall_one_cm":3497}},"DataVersion":3953}