{"stats":{"minecraft:picked_up":{"minecraft:diamond_chestplate":1,"minecraft:diamond":6,"minecraft:cobbled_deepslate":13,"minecraft:diamond_helmet":1},"minecraft:used":{"minecraft:diamond_pickaxe":13},"minecraft:crafted":{"minecraft:diamond_helmet":1,"minecraft:diamond_chestplate":1},"minecraft:dropped":{"minecraft:lapis_lazuli":50,"minecraft:diamond_chestplate":1,"minecraft:diamond":12,"minecraft:diamond_helmet":1},"minecraft:mined":{"minecraft:cobbled_deepslate":13},"minecraft:custom":{"minecraft:time_since_rest":19343,"minecraft:open_chest":10,"minecraft:crouch_one_cm":55,"minecraft:play_time":19343,"minecraft:sprint_one_cm":12564,"minecraft:walk_one_cm":15362,"minecraft:sneak_time":20,"minecraft:walk_under_water_one_cm":522,"minecraft:interact_with_anvil":2,"minecraft:drop":15,"minecraft:jump":103,"minecraft:leave_game":2,"minecraft:time_since_death":19343,"minecraft:walk_on_water_one_cm":532,"minecraft:total_world_time":19343,"minecraft:fly_one_cm":21209,"minecraft:interact_with_crafting_table":1,"minecraft:fall_one_cm":3706}},"DataVersion":3953}