{"stats":{"minecraft:picked_up":{"minecraft:andesite":1,"minecraft:potion":1,"minecraft:tuff":3,"minecraft:white_bed":4,"minecraft:blue_bed":1,"minecraft:diamond_chestplate":1,"minecraft:diamond":6,"minecraft:cobbled_deepslate":15,"minecraft:diamond_helmet":1,"minecraft:cobblestone":8},"minecraft:used":{"minecraft:diamond_pickaxe":84,"minecraft:diamond_sword":2,"minecraft:golden_carrot":1,"minecraft:carrot":2,"minecraft:white_bed":2},"minecraft:crafted":{"minecraft:golden_carrot":17,"minecraft:diamond_helmet":1,"minecraft:gold_nugget":108,"minecraft:shield":1,"minecraft:diamond_chestplate":1},"minecraft:dropped":{"minecraft:lapis_lazuli":50,"minecraft:diamond_chestplate":1,"minecraft:diamond":12,"minecraft:diamond_helmet":1,"minecraft:potion":1},"minecraft:mined":{"minecraft:tuff":8,"minecraft:white_bed":2,"minecraft:cobbled_deepslate":13,"minecraft:andesite":11,"minecraft:granite":2,"minecraft:short_grass":1,"minecraft:stone":32,"minecraft:mossy_stone_bricks":1,"minecraft:oak_leaves":5,"minecraft:deepslate":16},"minecraft:killed":{"minecraft:creeper":1},"minecraft:custom":{"minecraft:time_since_rest":4369,"minecraft:sprint_one_cm":45589,"minecraft:damage_taken":146,"minecraft:walk_one_cm":38317,"minecraft:interact_with_anvil":5,"minecraft:mob_kills":1,"minecraft:drop":16,"minecraft:damage_dealt":45,"minecraft:interact_with_crafting_table":6,"minecraft:fly_one_cm":70910,"minecraft:open_chest":33,"minecraft:crouch_one_cm":55,"minecraft:play_time":37343,"minecraft:sneak_time":31,"minecraft:walk_under_water_one_cm":522,"minecraft:jump":338,"minecraft:leave_game":2,"minecraft:walk_on_water_one_cm":1289,"minecraft:time_since_death":37343,"minecraft:sleep_in_bed":3,"minecraft:total_world_time":37343,"minecraft:fall_one_cm":12731}},"DataVersion":3953}