{"stats":{"minecraft:killed_by":{"minecraft:skeleton":2,"minecraft:creeper":1},"minecraft:used":{"minecraft:stone_sword":96,"minecraft:leaf_litter":11,"minecraft:wildflowers":11,"minecraft:iron_pickaxe":50,"minecraft:wooden_pickaxe":17,"minecraft:white_wool":1,"minecraft:cooked_chicken":1,"minecraft:cobblestone":131,"minecraft:rotten_flesh":9,"minecraft:birch_planks":7,"minecraft:diamond_pickaxe":19,"minecraft:cooked_mutton":5,"minecraft:crafting_table":5,"minecraft:chest":2,"minecraft:porkchop":1,"minecraft:furnace":4,"minecraft:cooked_porkchop":8,"minecraft:white_bed":1,"minecraft:torch":61,"minecraft:stone_pickaxe":384,"minecraft:dirt":21},"minecraft:crafted":{"minecraft:stone_sword":1,"minecraft:furnace":4,"minecraft:iron_ingot":12,"minecraft:cooked_chicken":1,"minecraft:birch_planks":76,"minecraft:stone_pickaxe":3,"minecraft:cooked_mutton":5,"minecraft:crafting_table":4,"minecraft:torch":44,"minecraft:white_bed":1,"minecraft:stick":36,"minecraft:wooden_pickaxe":1,"minecraft:cooked_porkchop":8,"minecraft:chest":2,"minecraft:diamond_pickaxe":1,"minecraft:iron_pickaxe":1,"minecraft:iron_sword":1,"minecraft:air":0},"minecraft:custom":{"minecraft:time_since_rest":8398,"minecraft:leave_game":3,"minecraft:damage_taken":1952,"minecraft:mob_kills":40,"minecraft:time_since_death":9000,"minecraft:interact_with_furnace":29,"minecraft:sleep_in_bed":3,"minecraft:total_world_time":100734,"minecraft:swim_one_cm":4968,"minecraft:crouch_one_cm":8109,"minecraft:deaths":3,"minecraft:climb_one_cm":53,"minecraft:interact_with_crafting_table":23,"minecraft:walk_one_cm":343651,"minecraft:walk_under_water_one_cm":9912,"minecraft:play_time":100734,"minecraft:damage_dealt":4645,"minecraft:jump":2025,"minecraft:drop":1,"minecraft:sprint_one_cm":238515,"minecraft:open_chest":3,"minecraft:fall_one_cm":43463,"minecraft:fly_one_cm":189562,"minecraft:walk_on_water_one_cm":12270,"minecraft:sneak_time":4001},"minecraft:dropped":{"minecraft:rotten_flesh":0},"minecraft:picked_up":{"minecraft:dirt":45,"minecraft:cobblestone":422,"minecraft:flint":6,"minecraft:gravel":18,"minecraft:leather":2,"minecraft:redstone":12,"minecraft:torch":19,"minecraft:bone":4,"minecraft:diamond_pickaxe":2,"minecraft:tuff":3,"minecraft:leaf_litter":11,"minecraft:coal":50,"minecraft:stone_pickaxe":1,"minecraft:clay_ball":8,"minecraft:birch_planks":48,"minecraft:birch_log":21,"minecraft:diamond":5,"minecraft:wheat_seeds":2,"minecraft:iron_pickaxe":1,"minecraft:lapis_lazuli":41,"minecraft:spider_eye":1,"minecraft:porkchop":11,"minecraft:diorite":32,"minecraft:wooden_pickaxe":1,"minecraft:white_wool":9,"minecraft:feather":2,"minecraft:wildflowers":54,"minecraft:chicken":1,"minecraft:bow":2,"minecraft:crafting_table":1,"minecraft:arrow":15,"minecraft:raw_copper":20,"minecraft:kelp":1,"minecraft:rotten_flesh":15,"minecraft:raw_iron":13,"minecraft:beef":4,"minecraft:cobbled_deepslate":35,"minecraft:string":6,"minecraft:stone_sword":1,"minecraft:raw_gold":11,"minecraft:dandelion":1,"minecraft:mutton":12},"minecraft:killed":{"minecraft:zombie":10,"minecraft:skeleton":5,"minecraft:chicken":1,"minecraft:sheep":8,"minecraft:pig":6,"minecraft:cow":2,"minecraft:spider":2},"minecraft:broken":{"minecraft:stone_pickaxe":2},"minecraft:mined":{"minecraft:torch":10,"minecraft:bush":3,"minecraft:dandelion":1,"minecraft:coal_ore":44,"minecraft:diorite":16,"minecraft:cobblestone":15,"minecraft:gravel":16,"minecraft:short_grass":11,"minecraft:kelp":2,"minecraft:crafting_table":1,"minecraft:clay":1,"minecraft:birch_log":14,"minecraft:leaf_litter":5,"minecraft:deepslate_redstone_ore":3,"minecraft:copper_ore":3,"minecraft:cave_vines":5,"minecraft:wildflowers":11,"minecraft:tall_grass":3,"minecraft:dirt":10,"minecraft:birch_leaves":8,"minecraft:grass_block":1,"minecraft:moss_block":6,"minecraft:deepslate_gold_ore":9,"minecraft:white_wool":1,"minecraft:tuff":2,"minecraft:wall_torch":6,"minecraft:dark_oak_leaves":1,"minecraft:deepslate":24,"minecraft:kelp_plant":1,"minecraft:deepslate_lapis_ore":1,"minecraft:deepslate_diamond_ore":4,"minecraft:deepslate_iron_ore":12,"minecraft:azalea":1,"minecraft:stone":280,"minecraft:lapis_ore":2}},"DataVersion":4325}