{"stats":{"minecraft:used":{"minecraft:stone_sword":65,"minecraft:wildflowers":11,"minecraft:wooden_pickaxe":17,"minecraft:cooked_chicken":1,"minecraft:cobblestone":111,"minecraft:rotten_flesh":3,"minecraft:birch_planks":2,"minecraft:cooked_mutton":5,"minecraft:crafting_table":3,"minecraft:furnace":3,"minecraft:cooked_porkchop":4,"minecraft:white_bed":1,"minecraft:torch":36,"minecraft:stone_pickaxe":383,"minecraft:dirt":13},"minecraft:crafted":{"minecraft:stone_sword":1,"minecraft:furnace":3,"minecraft:cooked_chicken":1,"minecraft:birch_planks":36,"minecraft:stone_pickaxe":3,"minecraft:cooked_mutton":5,"minecraft:crafting_table":3,"minecraft:torch":44,"minecraft:white_bed":1,"minecraft:stick":32,"minecraft:wooden_pickaxe":1,"minecraft:cooked_porkchop":4,"minecraft:air":0},"minecraft:custom":{"minecraft:interact_with_crafting_table":15,"minecraft:time_since_rest":36715,"minecraft:walk_one_cm":119522,"minecraft:leave_game":1,"minecraft:walk_under_water_one_cm":7040,"minecraft:damage_taken":865,"minecraft:mob_kills":18,"minecraft:play_time":48154,"minecraft:damage_dealt":2222,"minecraft:jump":650,"minecraft:time_since_death":48154,"minecraft:drop":1,"minecraft:interact_with_furnace":16,"minecraft:sprint_one_cm":82698,"minecraft:sleep_in_bed":1,"minecraft:fall_one_cm":15964,"minecraft:total_world_time":48154,"minecraft:fly_one_cm":76187,"minecraft:walk_on_water_one_cm":6976,"minecraft:crouch_one_cm":5362,"minecraft:sneak_time":3329},"minecraft:dropped":{"minecraft:rotten_flesh":0},"minecraft:picked_up":{"minecraft:porkchop":4,"minecraft:diorite":16,"minecraft:dirt":13,"minecraft:cobblestone":287,"minecraft:white_wool":3,"minecraft:feather":1,"minecraft:flint":3,"minecraft:wildflowers":16,"minecraft:chicken":1,"minecraft:gravel":8,"minecraft:bow":1,"minecraft:arrow":5,"minecraft:torch":6,"minecraft:bone":1,"minecraft:raw_copper":10,"minecraft:rotten_flesh":9,"minecraft:raw_iron":9,"minecraft:cobbled_deepslate":1,"minecraft:coal":43,"minecraft:clay_ball":4,"minecraft:birch_log":14,"minecraft:wheat_seeds":1,"minecraft:mutton":5,"minecraft:lapis_lazuli":16},"minecraft:killed":{"minecraft:zombie":7,"minecraft:skeleton":2,"minecraft:chicken":1,"minecraft:sheep":3,"minecraft:pig":2},"minecraft:broken":{"minecraft:stone_pickaxe":2},"minecraft:mined":{"minecraft:wildflowers":4,"minecraft:tall_grass":2,"minecraft:torch":3,"minecraft:dirt":10,"minecraft:birch_leaves":2,"minecraft:coal_ore":43,"minecraft:diorite":16,"minecraft:grass_block":1,"minecraft:cobblestone":12,"minecraft:moss_block":6,"minecraft:gravel":12,"minecraft:short_grass":3,"minecraft:wall_torch":3,"minecraft:dark_oak_leaves":1,"minecraft:deepslate":3,"minecraft:deepslate_iron_ore":9,"minecraft:clay":1,"minecraft:birch_log":9,"minecraft:azalea":1,"minecraft:copper_ore":3,"minecraft:stone":280,"minecraft:cave_vines":5,"minecraft:lapis_ore":2}},"DataVersion":4325}