{"stats":{"minecraft:killed_by":{"minecraft:skeleton":2,"minecraft:creeper":2,"minecraft:cave_spider":1},"minecraft:used":{"minecraft:iron_axe":62,"minecraft:leaf_litter":11,"minecraft:iron_leggings":1,"minecraft:wildflowers":11,"minecraft:shield":50,"minecraft:iron_pickaxe":50,"minecraft:iron_sword":125,"minecraft:birch_planks":19,"minecraft:rotten_flesh":9,"minecraft:diamond_pickaxe":259,"minecraft:cooked_mutton":10,"minecraft:furnace":7,"minecraft:cooked_porkchop":10,"minecraft:bread":16,"minecraft:granite":15,"minecraft:torch":61,"minecraft:dirt":33,"minecraft:iron_boots":1,"minecraft:stone_sword":100,"minecraft:chicken":2,"minecraft:wooden_pickaxe":17,"minecraft:gravel":2,"minecraft:white_wool":1,"minecraft:cooked_chicken":1,"minecraft:cobblestone":152,"minecraft:rail":1,"minecraft:cooked_beef":4,"minecraft:crafting_table":9,"minecraft:chest":4,"minecraft:iron_chestplate":1,"minecraft:oak_planks":6,"minecraft:porkchop":1,"minecraft:white_bed":1,"minecraft:stone_pickaxe":384},"minecraft:crafted":{"minecraft:stone_sword":2,"minecraft:cooked_chicken":1,"minecraft:birch_planks":76,"minecraft:stone_pickaxe":3,"minecraft:cooked_mutton":10,"minecraft:iron_chestplate":1,"minecraft:iron_boots":1,"minecraft:stick":52,"minecraft:wooden_pickaxe":1,"minecraft:cooked_beef":4,"minecraft:cooked_porkchop":15,"minecraft:iron_helmet":1,"minecraft:diamond_pickaxe":1,"minecraft:chest":3,"minecraft:air":0,"minecraft:wheat":126,"minecraft:furnace":5,"minecraft:iron_ingot":53,"minecraft:bread":42,"minecraft:crafting_table":5,"minecraft:torch":44,"minecraft:white_bed":1,"minecraft:shield":1,"minecraft:oak_planks":32,"minecraft:iron_pickaxe":1,"minecraft:iron_shovel":2,"minecraft:iron_sword":2,"minecraft:iron_axe":2,"minecraft:iron_leggings":1},"minecraft:custom":{"minecraft:time_since_rest":6830,"minecraft:talked_to_villager":3,"minecraft:leave_game":5,"minecraft:damage_taken":3775,"minecraft:mob_kills":66,"minecraft:time_since_death":53682,"minecraft:interact_with_furnace":90,"minecraft:sleep_in_bed":6,"minecraft:swim_one_cm":4968,"minecraft:total_world_time":189473,"minecraft:crouch_one_cm":20734,"minecraft:deaths":5,"minecraft:climb_one_cm":159,"minecraft:damage_blocked_by_shield":3264,"minecraft:interact_with_crafting_table":48,"minecraft:walk_one_cm":565376,"minecraft:walk_under_water_one_cm":15238,"minecraft:damage_dealt":9117,"minecraft:play_time":189473,"minecraft:jump":3717,"minecraft:drop":7,"minecraft:sprint_one_cm":460048,"minecraft:open_chest":13,"minecraft:fall_one_cm":81999,"minecraft:fly_one_cm":397945,"minecraft:walk_on_water_one_cm":22397,"minecraft:sneak_time":9202},"minecraft:dropped":{"minecraft:rotten_flesh":0,"minecraft:cobblestone":0,"minecraft:stone_sword":0,"minecraft:diamond_pickaxe":0,"minecraft:emerald":0,"minecraft:iron_sword":0},"minecraft:picked_up":{"minecraft:carrot":1,"minecraft:cobblestone":583,"minecraft:flint":6,"minecraft:leather":2,"minecraft:bone":10,"minecraft:redstone":36,"minecraft:stone_pickaxe":1,"minecraft:clay_ball":8,"minecraft:diamond":5,"minecraft:iron_sword":2,"minecraft:granite":30,"minecraft:emerald":6,"minecraft:glow_ink_sac":1,"minecraft:porkchop":16,"minecraft:stick":6,"minecraft:wildflowers":80,"minecraft:chicken":3,"minecraft:bow":2,"minecraft:arrow":24,"minecraft:kelp":1,"minecraft:raw_iron":110,"minecraft:cobbled_deepslate":61,"minecraft:hay_block":34,"minecraft:raw_gold":11,"minecraft:stone_sword":2,"minecraft:dandelion":1,"minecraft:wheat":3,"minecraft:mutton":15,"minecraft:chest":1,"minecraft:dirt":64,"minecraft:rail":1,"minecraft:gravel":20,"minecraft:torch":19,"minecraft:diamond_pickaxe":5,"minecraft:tuff":4,"minecraft:leaf_litter":49,"minecraft:coal":97,"minecraft:oak_log":53,"minecraft:birch_planks":53,"minecraft:birch_log":26,"minecraft:furnace":3,"minecraft:wheat_seeds":11,"minecraft:shield":1,"minecraft:lapis_lazuli":41,"minecraft:iron_pickaxe":1,"minecraft:spider_eye":1,"minecraft:diorite":35,"minecraft:wooden_pickaxe":1,"minecraft:birch_sapling":1,"minecraft:cooked_beef":2,"minecraft:feather":5,"minecraft:white_wool":11,"minecraft:oak_planks":14,"minecraft:crafting_table":5,"minecraft:raw_copper":24,"minecraft:oak_sapling":2,"minecraft:andesite":6,"minecraft:rotten_flesh":22,"minecraft:beef":4,"minecraft:string":22},"minecraft:killed":{"minecraft:zombie":18,"minecraft:skeleton":12,"minecraft:cave_spider":1,"minecraft:chicken":3,"minecraft:enderman":1,"minecraft:sheep":10,"minecraft:pig":8,"minecraft:cow":2,"minecraft:spider":2},"minecraft:broken":{"minecraft:stone_pickaxe":2},"minecraft:mined":{"minecraft:torch":10,"minecraft:redstone_ore":2,"minecraft:chest":1,"minecraft:gravel":18,"minecraft:short_grass":19,"minecraft:dirt_path":1,"minecraft:crafting_table":4,"minecraft:birch_log":19,"minecraft:deepslate_redstone_ore":4,"minecraft:leaf_litter":9,"minecraft:copper_ore":4,"minecraft:cave_vines":5,"minecraft:birch_leaves":8,"minecraft:andesite":4,"minecraft:moss_block":6,"minecraft:deepslate_gold_ore":9,"minecraft:wall_torch":6,"minecraft:dark_oak_leaves":1,"minecraft:kelp_plant":1,"minecraft:deepslate_lapis_ore":1,"minecraft:deepslate_diamond_ore":4,"minecraft:deepslate_iron_ore":21,"minecraft:birch_planks":1,"minecraft:azalea":1,"minecraft:iron_ore":65,"minecraft:stone":361,"minecraft:granite":15,"minecraft:bush":3,"minecraft:dandelion":1,"minecraft:coal_ore":60,"minecraft:wheat":2,"minecraft:diorite":18,"minecraft:cobblestone":16,"minecraft:hay_block":35,"minecraft:kelp":2,"minecraft:oak_leaves":7,"minecraft:furnace":2,"minecraft:clay":1,"minecraft:tall_grass":4,"minecraft:wildflowers":11,"minecraft:emerald_ore":2,"minecraft:rail":1,"minecraft:dirt":12,"minecraft:grass_block":8,"minecraft:cobweb":5,"minecraft:white_wool":1,"minecraft:tuff":3,"minecraft:deepslate":50,"minecraft:oak_log":53,"minecraft:lapis_ore":2}},"DataVersion":4325}