{"stats":{"minecraft:killed_by":{"minecraft:skeleton":2,"minecraft:creeper":2,"minecraft:cave_spider":1},"minecraft:used":{"minecraft:iron_axe":456,"minecraft:leaf_litter":11,"minecraft:iron_leggings":1,"minecraft:wildflowers":11,"minecraft:shield":60,"minecraft:iron_pickaxe":50,"minecraft:iron_sword":198,"minecraft:birch_planks":19,"minecraft:rotten_flesh":9,"minecraft:diamond_pickaxe":262,"minecraft:cooked_mutton":10,"minecraft:furnace":7,"minecraft:cooked_porkchop":12,"minecraft:bread":35,"minecraft:granite":15,"minecraft:torch":61,"minecraft:dirt":430,"minecraft:iron_boots":1,"minecraft:iron_shovel":906,"minecraft:stone_sword":100,"minecraft:chicken":2,"minecraft:wooden_pickaxe":17,"minecraft:gravel":2,"minecraft:white_wool":1,"minecraft:cooked_chicken":1,"minecraft:cobblestone":152,"minecraft:rail":1,"minecraft:cooked_beef":4,"minecraft:crafting_table":10,"minecraft:chest":6,"minecraft:iron_chestplate":1,"minecraft:oak_planks":154,"minecraft:porkchop":1,"minecraft:white_bed":1,"minecraft:stone_pickaxe":384},"minecraft:crafted":{"minecraft:stone_sword":2,"minecraft:cooked_chicken":1,"minecraft:birch_planks":76,"minecraft:stone_pickaxe":3,"minecraft:cooked_mutton":10,"minecraft:iron_chestplate":1,"minecraft:iron_boots":1,"minecraft:stick":56,"minecraft:wooden_pickaxe":1,"minecraft:cooked_beef":4,"minecraft:cooked_porkchop":15,"minecraft:iron_helmet":1,"minecraft:diamond_pickaxe":1,"minecraft:chest":5,"minecraft:air":0,"minecraft:wheat":126,"minecraft:furnace":5,"minecraft:iron_ingot":79,"minecraft:bread":42,"minecraft:crafting_table":6,"minecraft:torch":44,"minecraft:white_bed":1,"minecraft:shield":1,"minecraft:oak_planks":308,"minecraft:iron_pickaxe":1,"minecraft:iron_shovel":4,"minecraft:iron_sword":3,"minecraft:iron_axe":3,"minecraft:iron_leggings":1},"minecraft:custom":{"minecraft:time_since_rest":4608,"minecraft:talked_to_villager":3,"minecraft:leave_game":5,"minecraft:damage_taken":4569,"minecraft:mob_kills":84,"minecraft:time_since_death":119682,"minecraft:interact_with_furnace":95,"minecraft:sleep_in_bed":8,"minecraft:swim_one_cm":4968,"minecraft:total_world_time":255473,"minecraft:crouch_one_cm":31301,"minecraft:deaths":5,"minecraft:climb_one_cm":225,"minecraft:damage_blocked_by_shield":3894,"minecraft:interact_with_crafting_table":58,"minecraft:walk_one_cm":790806,"minecraft:walk_under_water_one_cm":15238,"minecraft:damage_dealt":11959,"minecraft:play_time":255473,"minecraft:jump":4925,"minecraft:drop":7,"minecraft:sprint_one_cm":642608,"minecraft:open_chest":43,"minecraft:fall_one_cm":115791,"minecraft:fly_one_cm":613437,"minecraft:walk_on_water_one_cm":22397,"minecraft:sneak_time":11761},"minecraft:dropped":{"minecraft:rotten_flesh":0,"minecraft:cobblestone":0,"minecraft:stone_sword":0,"minecraft:diamond_pickaxe":0,"minecraft:emerald":0,"minecraft:iron_sword":0},"minecraft:picked_up":{"minecraft:carrot":1,"minecraft:cobblestone":583,"minecraft:flint":6,"minecraft:leather":2,"minecraft:bone":10,"minecraft:redstone":36,"minecraft:stone_pickaxe":1,"minecraft:clay_ball":8,"minecraft:diamond":5,"minecraft:iron_sword":2,"minecraft:granite":30,"minecraft:emerald":6,"minecraft:glow_ink_sac":1,"minecraft:porkchop":16,"minecraft:stick":25,"minecraft:wildflowers":80,"minecraft:chicken":3,"minecraft:bow":2,"minecraft:arrow":24,"minecraft:kelp":1,"minecraft:raw_iron":110,"minecraft:cobbled_deepslate":61,"minecraft:hay_block":34,"minecraft:raw_gold":11,"minecraft:stone_sword":2,"minecraft:dandelion":3,"minecraft:wheat":3,"minecraft:mutton":15,"minecraft:chest":1,"minecraft:netherrack":2,"minecraft:dirt":919,"minecraft:rail":1,"minecraft:gravel":20,"minecraft:torch":20,"minecraft:diamond_pickaxe":5,"minecraft:tuff":4,"minecraft:leaf_litter":157,"minecraft:coal":97,"minecraft:oak_log":339,"minecraft:birch_planks":53,"minecraft:birch_log":26,"minecraft:furnace":3,"minecraft:wheat_seeds":39,"minecraft:shield":1,"minecraft:lapis_lazuli":41,"minecraft:iron_pickaxe":1,"minecraft:spider_eye":2,"minecraft:diorite":35,"minecraft:wooden_pickaxe":1,"minecraft:birch_sapling":1,"minecraft:poppy":1,"minecraft:cooked_beef":2,"minecraft:feather":5,"minecraft:white_wool":11,"minecraft:oak_planks":23,"minecraft:crafting_table":6,"minecraft:raw_copper":24,"minecraft:oak_sapling":31,"minecraft:andesite":6,"minecraft:rotten_flesh":36,"minecraft:beef":4,"minecraft:apple":9,"minecraft:string":22,"minecraft:obsidian":1},"minecraft:killed":{"minecraft:zombie":31,"minecraft:skeleton":13,"minecraft:cave_spider":1,"minecraft:chicken":3,"minecraft:enderman":1,"minecraft:sheep":10,"minecraft:pig":8,"minecraft:cow":2,"minecraft:spider":5},"minecraft:broken":{"minecraft:iron_axe":1,"minecraft:iron_shovel":3,"minecraft:stone_pickaxe":2},"minecraft:mined":{"minecraft:torch":10,"minecraft:redstone_ore":2,"minecraft:chest":1,"minecraft:netherrack":2,"minecraft:gravel":18,"minecraft:short_grass":125,"minecraft:dirt_path":1,"minecraft:crafting_table":5,"minecraft:birch_log":19,"minecraft:deepslate_redstone_ore":4,"minecraft:leaf_litter":25,"minecraft:obsidian":1,"minecraft:copper_ore":4,"minecraft:cave_vines":5,"minecraft:birch_leaves":9,"minecraft:andesite":4,"minecraft:moss_block":6,"minecraft:deepslate_gold_ore":9,"minecraft:wall_torch":7,"minecraft:dark_oak_leaves":1,"minecraft:kelp_plant":1,"minecraft:deepslate_lapis_ore":1,"minecraft:deepslate_diamond_ore":4,"minecraft:deepslate_iron_ore":21,"minecraft:birch_planks":1,"minecraft:azalea":1,"minecraft:iron_ore":65,"minecraft:stone":361,"minecraft:granite":15,"minecraft:bush":4,"minecraft:dandelion":1,"minecraft:coal_ore":60,"minecraft:wheat":2,"minecraft:diorite":18,"minecraft:oak_planks":10,"minecraft:cobblestone":16,"minecraft:hay_block":35,"minecraft:kelp":2,"minecraft:oak_leaves":84,"minecraft:furnace":2,"minecraft:clay":1,"minecraft:tall_grass":16,"minecraft:wildflowers":12,"minecraft:emerald_ore":2,"minecraft:rail":1,"minecraft:dirt":228,"minecraft:grass_block":666,"minecraft:cobweb":5,"minecraft:white_wool":1,"minecraft:tuff":3,"minecraft:deepslate":50,"minecraft:oak_log":339,"minecraft:lapis_ore":2}},"DataVersion":4325}