{"stats":{"minecraft:dropped":{"minecraft:rotten_flesh":0,"minecraft:cobblestone":0,"minecraft:iron_ingot":0,"minecraft:stone_sword":0,"minecraft:gold_ingot":0,"minecraft:diamond_pickaxe":0,"minecraft:diamond_sword":0,"minecraft:emerald":0,"minecraft:iron_sword":0},"minecraft:picked_up":{"minecraft:iron_door":2,"minecraft:cobblestone":905,"minecraft:shears":1,"minecraft:glass":64,"minecraft:flint":6,"minecraft:bone":22,"minecraft:redstone":36,"minecraft:cooked_mutton":45,"minecraft:clay_ball":8,"minecraft:iron_bars":41,"minecraft:diamond":14,"minecraft:iron_sword":9,"minecraft:granite":33,"minecraft:emerald":9,"minecraft:crimson_roots":4,"minecraft:wildflowers":80,"minecraft:bow":8,"minecraft:arrow":43,"minecraft:iron_ingot":2,"minecraft:end_stone":134,"minecraft:crossbow":6,"minecraft:hay_block":34,"minecraft:raw_gold":11,"minecraft:stone_sword":2,"minecraft:dandelion":3,"minecraft:mutton":27,"minecraft:iron_chestplate":8,"minecraft:dirt":946,"minecraft:rail":1,"minecraft:rabbit_hide":1,"minecraft:golden_boots":5,"minecraft:torch":21,"minecraft:diamond_pickaxe":13,"minecraft:bread":13,"minecraft:iron_boots":1,"minecraft:coal":121,"minecraft:oak_log":341,"minecraft:sand":129,"minecraft:birch_planks":53,"minecraft:furnace":3,"minecraft:wheat_seeds":116,"minecraft:iron_pickaxe":1,"minecraft:quartz":58,"minecraft:iron_leggings":8,"minecraft:diamond_sword":9,"minecraft:birch_sapling":2,"minecraft:poppy":1,"minecraft:cooked_beef":2,"minecraft:feather":6,"minecraft:white_wool":19,"minecraft:potion":2,"minecraft:andesite":7,"minecraft:ender_pearl":14,"minecraft:string":34,"minecraft:obsidian":1,"minecraft:nether_wart_block":2,"minecraft:iron_helmet":7,"minecraft:carrot":1,"minecraft:rabbit":1,"minecraft:white_bed":10,"minecraft:leather":2,"minecraft:stone_pickaxe":1,"minecraft:chorus_fruit":210,"minecraft:glow_ink_sac":1,"minecraft:carved_pumpkin":3,"minecraft:porkchop":27,"minecraft:stick":25,"minecraft:chicken":5,"minecraft:cooked_porkchop":17,"minecraft:cooked_chicken":3,"minecraft:kelp":1,"minecraft:raw_iron":114,"minecraft:cobbled_deepslate":63,"minecraft:pumpkin_seeds":4,"minecraft:wheat":73,"minecraft:gunpowder":4,"minecraft:chest":1,"minecraft:netherrack":23,"minecraft:gravel":20,"minecraft:tuff":4,"minecraft:leaf_litter":160,"minecraft:birch_log":26,"minecraft:shield":5,"minecraft:lapis_lazuli":138,"minecraft:pumpkin":4,"minecraft:spider_eye":2,"minecraft:diorite":42,"minecraft:wooden_pickaxe":1,"minecraft:oak_boat":5,"minecraft:oak_planks":48,"minecraft:crafting_table":8,"minecraft:raw_copper":24,"minecraft:oak_sapling":32,"minecraft:rotten_flesh":102,"minecraft:beef":4,"minecraft:apple":9,"minecraft:cracked_stone_bricks":1},"minecraft:custom":{"minecraft:time_since_rest":8104,"minecraft:talked_to_villager":4,"minecraft:leave_game":10,"minecraft:damage_taken":9527,"minecraft:mob_kills":128,"minecraft:boat_one_cm":63796,"minecraft:time_since_death":7996,"minecraft:interact_with_furnace":146,"minecraft:sleep_in_bed":16,"minecraft:swim_one_cm":12764,"minecraft:total_world_time":486879,"minecraft:crouch_one_cm":37489,"minecraft:deaths":13,"minecraft:climb_one_cm":435,"minecraft:damage_blocked_by_shield":10752,"minecraft:interact_with_crafting_table":87,"minecraft:walk_one_cm":1204687,"minecraft:walk_under_water_one_cm":22721,"minecraft:damage_dealt":20866,"minecraft:play_time":486879,"minecraft:jump":8987,"minecraft:drop":13,"minecraft:sprint_one_cm":1333318,"minecraft:open_chest":154,"minecraft:fall_one_cm":252607,"minecraft:fly_one_cm":1362172,"minecraft:interact_with_anvil":5,"minecraft:walk_on_water_one_cm":49339,"minecraft:sneak_time":14075},"minecraft:killed_by":{"minecraft:skeleton":2,"minecraft:player":1,"minecraft:creeper":3,"minecraft:enderman":5,"minecraft:ender_dragon":1,"minecraft:cave_spider":1},"minecraft:broken":{"minecraft:iron_axe":1,"minecraft:shield":1,"minecraft:iron_shovel":4,"minecraft:golden_boots":1,"minecraft:stone_pickaxe":2},"minecraft:crafted":{"minecraft:stone_sword":2,"minecraft:cooked_chicken":4,"minecraft:birch_planks":76,"minecraft:gold_ingot":19,"minecraft:stone_pickaxe":3,"minecraft:cooked_mutton":20,"minecraft:iron_chestplate":1,"minecraft:iron_boots":1,"minecraft:anvil":1,"minecraft:stick":60,"minecraft:wooden_pickaxe":1,"minecraft:cooked_beef":4,"minecraft:cooked_porkchop":16,"minecraft:iron_helmet":1,"minecraft:iron_block":3,"minecraft:diamond_pickaxe":1,"minecraft:chest":7,"minecraft:diamond_sword":1,"minecraft:air":0,"minecraft:wheat":306,"minecraft:furnace":6,"minecraft:oak_boat":2,"minecraft:iron_ingot":92,"minecraft:golden_boots":1,"minecraft:bread":80,"minecraft:glass":129,"minecraft:tripwire_hook":2,"minecraft:crafting_table":9,"minecraft:torch":44,"minecraft:white_bed":3,"minecraft:shield":2,"minecraft:oak_planks":852,"minecraft:crossbow":1,"minecraft:iron_pickaxe":1,"minecraft:shears":1,"minecraft:iron_shovel":4,"minecraft:iron_sword":3,"minecraft:iron_axe":3,"minecraft:iron_leggings":1},"minecraft:killed":{"minecraft:zombie":42,"minecraft:skeleton":25,"minecraft:cave_spider":1,"minecraft:creeper":2,"minecraft:rabbit":1,"minecraft:chicken":4,"minecraft:enderman":1,"minecraft:sheep":18,"minecraft:hoglin":1,"minecraft:pig":10,"minecraft:cow":2,"minecraft:spider":10},"minecraft:mined":{"minecraft:torch":10,"minecraft:redstone_ore":2,"minecraft:nether_quartz_ore":62,"minecraft:chest":1,"minecraft:pumpkin":2,"minecraft:netherrack":38,"minecraft:gravel":18,"minecraft:short_grass":143,"minecraft:dirt_path":2,"minecraft:crafting_table":7,"minecraft:birch_log":19,"minecraft:deepslate_redstone_ore":4,"minecraft:leaf_litter":26,"minecraft:obsidian":1,"minecraft:copper_ore":4,"minecraft:cave_vines":5,"minecraft:nether_wart_block":1,"minecraft:birch_leaves":9,"minecraft:andesite":5,"minecraft:moss_block":6,"minecraft:deepslate_gold_ore":9,"minecraft:wall_torch":7,"minecraft:dark_oak_leaves":1,"minecraft:diamond_ore":2,"minecraft:fire":1,"minecraft:kelp_plant":1,"minecraft:deepslate_lapis_ore":1,"minecraft:deepslate_diamond_ore":5,"minecraft:deepslate_iron_ore":21,"minecraft:birch_planks":1,"minecraft:azalea":1,"minecraft:iron_ore":69,"minecraft:stone":437,"minecraft:granite":18,"minecraft:bush":4,"minecraft:dandelion":1,"minecraft:coal_ore":80,"minecraft:wheat":5,"minecraft:diorite":24,"minecraft:oak_planks":34,"minecraft:cobblestone":18,"minecraft:hay_block":35,"minecraft:white_bed":1,"minecraft:kelp":2,"minecraft:oak_leaves":90,"minecraft:chorus_plant":13,"minecraft:furnace":2,"minecraft:end_stone":126,"minecraft:clay":1,"minecraft:crimson_nylium":2,"minecraft:crimson_roots":2,"minecraft:tall_grass":19,"minecraft:wildflowers":12,"minecraft:emerald_ore":6,"minecraft:rail":1,"minecraft:dirt":232,"minecraft:grass_block":672,"minecraft:cobweb":5,"minecraft:cobbled_deepslate":1,"minecraft:carved_pumpkin":2,"minecraft:white_wool":1,"minecraft:tuff":3,"minecraft:deepslate":50,"minecraft:sand":133,"minecraft:oak_log":341,"minecraft:lapis_ore":6},"minecraft:used":{"minecraft:iron_axe":474,"minecraft:leaf_litter":11,"minecraft:wildflowers":11,"minecraft:shield":155,"minecraft:end_stone":35,"minecraft:iron_pickaxe":50,"minecraft:diamond_sword":270,"minecraft:oak_boat":5,"minecraft:iron_sword":257,"minecraft:diamond_pickaxe":640,"minecraft:cooked_mutton":20,"minecraft:glass":121,"minecraft:golden_boots":3,"minecraft:crossbow":1,"minecraft:cooked_porkchop":19,"minecraft:granite":15,"minecraft:iron_shovel":1041,"minecraft:stone_sword":100,"minecraft:wooden_pickaxe":17,"minecraft:cobblestone":153,"minecraft:crafting_table":13,"minecraft:iron_chestplate":5,"minecraft:white_bed":4,"minecraft:stone_pickaxe":384,"minecraft:bow":7,"minecraft:iron_leggings":3,"minecraft:netherrack":2,"minecraft:chorus_fruit":2,"minecraft:birch_planks":19,"minecraft:pumpkin":2,"minecraft:rotten_flesh":9,"minecraft:anvil":1,"minecraft:furnace":8,"minecraft:bread":84,"minecraft:torch":61,"minecraft:dirt":431,"minecraft:iron_boots":1,"minecraft:chicken":2,"minecraft:gravel":2,"minecraft:white_wool":1,"minecraft:cooked_chicken":1,"minecraft:rail":1,"minecraft:shears":2,"minecraft:cooked_beef":4,"minecraft:chest":8,"minecraft:iron_helmet":2,"minecraft:carved_pumpkin":1,"minecraft:oak_planks":299,"minecraft:porkchop":1,"minecraft:ender_pearl":3}},"DataVersion":4325}