{"stats":{"minecraft:killed_by":{"minecraft:skeleton":2,"minecraft:player":1,"minecraft:creeper":3,"minecraft:enderman":5,"minecraft:ender_dragon":1,"minecraft:cave_spider":1},"minecraft:used":{"minecraft:oak_trapdoor":1,"minecraft:iron_axe":542,"minecraft:purpur_pillar":18,"minecraft:leaf_litter":11,"minecraft:wildflowers":11,"minecraft:shield":231,"minecraft:end_stone":393,"minecraft:iron_pickaxe":658,"minecraft:diamond_sword":1013,"minecraft:cobbled_deepslate_slab":5,"minecraft:oak_boat":36,"minecraft:firework_rocket":33,"minecraft:iron_sword":257,"minecraft:diamond_pickaxe":1364,"minecraft:cooked_mutton":20,"minecraft:glass":217,"minecraft:golden_boots":3,"minecraft:ladder":4,"minecraft:crossbow":1,"minecraft:cooked_porkchop":21,"minecraft:granite":15,"minecraft:tuff":4,"minecraft:iron_shovel":1041,"minecraft:stone_sword":100,"minecraft:lava_bucket":19,"minecraft:wooden_pickaxe":17,"minecraft:cobblestone":352,"minecraft:golden_apple":1,"minecraft:carrot":15,"minecraft:crafting_table":16,"minecraft:end_stone_bricks":3,"minecraft:iron_chestplate":5,"minecraft:white_bed":4,"minecraft:stone_pickaxe":384,"minecraft:bow":7,"minecraft:iron_leggings":3,"minecraft:cobbled_deepslate":42,"minecraft:netherrack":33,"minecraft:chorus_fruit":40,"minecraft:apple":8,"minecraft:stone_shovel":178,"minecraft:birch_planks":19,"minecraft:pumpkin":2,"minecraft:rotten_flesh":29,"minecraft:water_bucket":61,"minecraft:anvil":1,"minecraft:furnace":11,"minecraft:mutton":2,"minecraft:torch":61,"minecraft:bread":169,"minecraft:dirt":465,"minecraft:iron_boots":1,"minecraft:obsidian":1,"minecraft:sand":2,"minecraft:chicken":3,"minecraft:oak_leaves":53,"minecraft:gravel":2,"minecraft:cooked_chicken":1,"minecraft:white_wool":1,"minecraft:rail":1,"minecraft:shears":78,"minecraft:cooked_beef":4,"minecraft:bucket":80,"minecraft:chest":18,"minecraft:carved_pumpkin":2,"minecraft:iron_helmet":2,"minecraft:oak_planks":553,"minecraft:porkchop":14,"minecraft:ender_pearl":15},"minecraft:custom":{"minecraft:time_since_rest":5110,"minecraft:talked_to_villager":7,"minecraft:leave_game":13,"minecraft:damage_taken":15264,"minecraft:mob_kills":226,"minecraft:boat_one_cm":179315,"minecraft:time_since_death":213350,"minecraft:aviate_one_cm":541670,"minecraft:open_enderchest":2,"minecraft:interact_with_furnace":262,"minecraft:sleep_in_bed":25,"minecraft:swim_one_cm":33548,"minecraft:total_world_time":874826,"minecraft:crouch_one_cm":92792,"minecraft:climb_one_cm":17382,"minecraft:deaths":15,"minecraft:damage_blocked_by_shield":15416,"minecraft:interact_with_crafting_table":160,"minecraft:walk_one_cm":2014823,"minecraft:walk_under_water_one_cm":31823,"minecraft:damage_dealt":45189,"minecraft:play_time":874826,"minecraft:jump":15405,"minecraft:drop":14,"minecraft:sprint_one_cm":2195321,"minecraft:open_chest":397,"minecraft:fall_one_cm":444968,"minecraft:fly_one_cm":2367394,"minecraft:interact_with_anvil":8,"minecraft:walk_on_water_one_cm":87108,"minecraft:sneak_time":33385},"minecraft:crafted":{"minecraft:stone_sword":2,"minecraft:firework_rocket":9,"minecraft:diamond_boots":1,"minecraft:gold_ingot":19,"minecraft:iron_chestplate":1,"minecraft:stick":88,"minecraft:lever":1,"minecraft:cooked_porkchop":16,"minecraft:iron_helmet":1,"minecraft:iron_block":3,"minecraft:diamond_pickaxe":1,"minecraft:chest":49,"minecraft:air":0,"minecraft:repeater":4,"minecraft:bucket":19,"minecraft:oak_boat":2,"minecraft:ladder":6,"minecraft:stone_button":1,"minecraft:glass":308,"minecraft:cobblestone_slab":18,"minecraft:redstone_torch":8,"minecraft:oak_trapdoor":2,"minecraft:oak_planks":1288,"minecraft:cobbled_deepslate_slab":18,"minecraft:iron_shovel":4,"minecraft:iron_sword":3,"minecraft:shears":2,"minecraft:stone_shovel":2,"minecraft:cooked_chicken":4,"minecraft:birch_planks":76,"minecraft:hopper":9,"minecraft:stone_pickaxe":3,"minecraft:cooked_mutton":20,"minecraft:coal_block":4,"minecraft:iron_boots":1,"minecraft:anvil":1,"minecraft:wooden_pickaxe":1,"minecraft:cooked_beef":4,"minecraft:diamond_chestplate":1,"minecraft:diamond_sword":1,"minecraft:wheat":423,"minecraft:paper":3,"minecraft:furnace":9,"minecraft:iron_ingot":205,"minecraft:golden_boots":2,"minecraft:bread":101,"minecraft:tripwire_hook":2,"minecraft:stone":13,"minecraft:tnt":1,"minecraft:crafting_table":11,"minecraft:torch":44,"minecraft:white_bed":3,"minecraft:shield":2,"minecraft:stone_axe":1,"minecraft:crossbow":1,"minecraft:observer":8,"minecraft:iron_pickaxe":1,"minecraft:iron_axe":3,"minecraft:iron_leggings":1,"minecraft:piston":3},"minecraft:dropped":{"minecraft:rotten_flesh":0,"minecraft:cobblestone":0,"minecraft:iron_ingot":0,"minecraft:stone_sword":0,"minecraft:gold_ingot":0,"minecraft:diamond_pickaxe":0,"minecraft:diamond_sword":0,"minecraft:bucket":0,"minecraft:emerald":0,"minecraft:iron_sword":0},"minecraft:picked_up":{"minecraft:iron_door":2,"minecraft:stone_button":1,"minecraft:brewing_stand":1,"minecraft:shears":1,"minecraft:cobblestone":1385,"minecraft:saddle":3,"minecraft:glass":64,"minecraft:flint":7,"minecraft:sugar_cane":5,"minecraft:purpur_block":3,"minecraft:redstone":86,"minecraft:bone":32,"minecraft:cooked_mutton":45,"minecraft:clay_ball":8,"minecraft:iron_bars":41,"minecraft:iron_sword":9,"minecraft:diamond":43,"minecraft:granite":33,"minecraft:emerald":9,"minecraft:crimson_roots":6,"minecraft:purpur_pillar":19,"minecraft:wildflowers":80,"minecraft:shroomlight":1,"minecraft:bow":9,"minecraft:arrow":55,"minecraft:iron_ingot":2,"minecraft:end_stone":515,"minecraft:observer":8,"minecraft:crossbow":6,"minecraft:hay_block":47,"minecraft:raw_gold":14,"minecraft:stone_sword":2,"minecraft:dandelion":4,"minecraft:lava_bucket":18,"minecraft:mutton":29,"minecraft:diamond_leggings":2,"minecraft:iron_chestplate":10,"minecraft:dirt":1029,"minecraft:rail":1,"minecraft:rabbit_hide":1,"minecraft:golden_boots":5,"minecraft:crimson_stem":4,"minecraft:torch":21,"minecraft:diamond_pickaxe":16,"minecraft:bread":46,"minecraft:iron_boots":1,"minecraft:coal":159,"minecraft:oak_log":386,"minecraft:birch_planks":53,"minecraft:sand":320,"minecraft:furnace":3,"minecraft:wheat_seeds":127,"minecraft:iron_pickaxe":3,"minecraft:quartz":123,"minecraft:iron_leggings":10,"minecraft:diamond_sword":12,"minecraft:birch_sapling":2,"minecraft:poppy":1,"minecraft:cooked_beef":2,"minecraft:white_wool":21,"minecraft:feather":8,"minecraft:potion":5,"minecraft:snowball":37,"minecraft:andesite":7,"minecraft:beetroot_seeds":2,"minecraft:ender_pearl":28,"minecraft:string":44,"minecraft:obsidian":3,"minecraft:nether_wart_block":19,"minecraft:ladder":6,"minecraft:amethyst_shard":4,"minecraft:iron_helmet":7,"minecraft:carrot":25,"minecraft:rabbit":1,"minecraft:white_bed":10,"minecraft:bucket":1,"minecraft:leather":3,"minecraft:shulker_shell":1,"minecraft:water_bucket":1,"minecraft:stone_pickaxe":1,"minecraft:gold_ingot":21,"minecraft:chorus_fruit":399,"minecraft:glow_ink_sac":1,"minecraft:oak_leaves":72,"minecraft:carved_pumpkin":5,"minecraft:porkchop":44,"minecraft:stick":25,"minecraft:chicken":8,"minecraft:diamond_boots":1,"minecraft:cooked_porkchop":17,"minecraft:repeater":4,"minecraft:cooked_chicken":3,"minecraft:kelp":4,"minecraft:raw_iron":316,"minecraft:cobbled_deepslate":158,"minecraft:diamond_chestplate":1,"minecraft:pumpkin_seeds":4,"minecraft:end_stone_bricks":5,"minecraft:amethyst_block":4,"minecraft:wheat":75,"minecraft:gunpowder":10,"minecraft:chest":8,"minecraft:elytra":2,"minecraft:end_rod":3,"minecraft:cobbled_deepslate_slab":19,"minecraft:netherrack":83,"minecraft:purpur_slab":2,"minecraft:lever":1,"minecraft:gravel":23,"minecraft:tuff":8,"minecraft:leaf_litter":207,"minecraft:potato":22,"minecraft:birch_log":26,"minecraft:shield":7,"minecraft:lapis_lazuli":190,"minecraft:pumpkin":4,"minecraft:piston":3,"minecraft:spider_eye":4,"minecraft:tipped_arrow":1,"minecraft:diorite":57,"minecraft:wooden_pickaxe":1,"minecraft:oak_boat":36,"minecraft:oak_planks":129,"minecraft:crafting_table":12,"minecraft:raw_copper":27,"minecraft:oak_sapling":32,"minecraft:beef":4,"minecraft:rotten_flesh":131,"minecraft:apple":9,"minecraft:calcite":2,"minecraft:purpur_stairs":6,"minecraft:cracked_stone_bricks":1},"minecraft:killed":{"minecraft:stray":1,"minecraft:skeleton":36,"minecraft:pig":14,"minecraft:spider":17,"minecraft:shulker":6,"minecraft:zombie":75,"minecraft:cave_spider":1,"minecraft:rabbit":1,"minecraft:creeper":8,"minecraft:zombie_villager":1,"minecraft:chicken":6,"minecraft:enderman":17,"minecraft:hoglin":4,"minecraft:sheep":20,"minecraft:cow":2},"minecraft:broken":{"minecraft:stone_shovel":1,"minecraft:iron_axe":1,"minecraft:shield":1,"minecraft:iron_shovel":4,"minecraft:golden_boots":1,"minecraft:stone_pickaxe":2},"minecraft:mined":{"minecraft:torch":10,"minecraft:redstone_ore":7,"minecraft:nether_quartz_ore":100,"minecraft:chest":8,"minecraft:pumpkin":2,"minecraft:netherrack":129,"minecraft:carrots":7,"minecraft:gravel":26,"minecraft:short_grass":174,"minecraft:amethyst_block":4,"minecraft:magenta_stained_glass":1,"minecraft:dirt_path":2,"minecraft:crafting_table":8,"minecraft:birch_log":19,"minecraft:deepslate_redstone_ore":6,"minecraft:leaf_litter":35,"minecraft:purpur_slab":2,"minecraft:obsidian":2,"minecraft:copper_ore":5,"minecraft:cave_vines":5,"minecraft:nether_wart_block":19,"minecraft:birch_leaves":9,"minecraft:andesite":6,"minecraft:moss_block":6,"minecraft:end_rod":3,"minecraft:deepslate_gold_ore":11,"minecraft:purpur_block":3,"minecraft:ice":1,"minecraft:budding_amethyst":1,"minecraft:dark_oak_leaves":1,"minecraft:diamond_ore":2,"minecraft:wall_torch":7,"minecraft:fire":5,"minecraft:kelp_plant":2,"minecraft:deepslate_diamond_ore":13,"minecraft:deepslate_lapis_ore":4,"minecraft:deepslate_iron_ore":23,"minecraft:potatoes":6,"minecraft:birch_planks":1,"minecraft:purpur_stairs":7,"minecraft:amethyst_cluster":1,"minecraft:azalea":1,"minecraft:iron_ore":180,"minecraft:stone":843,"minecraft:granite":18,"minecraft:bush":8,"minecraft:dandelion":2,"minecraft:crimson_stem":4,"minecraft:coal_ore":106,"minecraft:diorite":39,"minecraft:wheat":9,"minecraft:oak_planks":51,"minecraft:hay_block":48,"minecraft:cobblestone":23,"minecraft:sugar_cane":2,"minecraft:white_bed":1,"minecraft:purpur_pillar":21,"minecraft:kelp":2,"minecraft:shroomlight":2,"minecraft:oak_leaves":191,"minecraft:chorus_plant":22,"minecraft:furnace":2,"minecraft:end_stone":512,"minecraft:end_stone_bricks":5,"minecraft:brewing_stand":1,"minecraft:clay":1,"minecraft:crimson_roots":4,"minecraft:crimson_nylium":13,"minecraft:tall_grass":31,"minecraft:wildflowers":12,"minecraft:emerald_ore":6,"minecraft:tall_seagrass":3,"minecraft:rail":1,"minecraft:cobbled_deepslate_slab":1,"minecraft:dirt":253,"minecraft:grass_block":718,"minecraft:cobweb":5,"minecraft:cobbled_deepslate":8,"minecraft:carved_pumpkin":3,"minecraft:white_wool":1,"minecraft:tuff":8,"minecraft:deepslate":135,"minecraft:sand":332,"minecraft:calcite":2,"minecraft:seagrass":1,"minecraft:oak_log":388,"minecraft:lapis_ore":7}},"DataVersion":4325}