{"stats":{"minecraft:used":{"minecraft:stone_sword":46,"minecraft:wildflowers":11,"minecraft:wooden_pickaxe":17,"minecraft:cobblestone":29,"minecraft:birch_planks":2,"minecraft:cooked_mutton":5,"minecraft:crafting_table":3,"minecraft:furnace":2,"minecraft:cooked_porkchop":3,"minecraft:white_bed":1,"minecraft:torch":22,"minecraft:stone_pickaxe":340,"minecraft:dirt":13},"minecraft:crafted":{"minecraft:torch":20,"minecraft:white_bed":1,"minecraft:furnace":2,"minecraft:stone_sword":1,"minecraft:stick":32,"minecraft:wooden_pickaxe":1,"minecraft:cooked_porkchop":4,"minecraft:birch_planks":36,"minecraft:cooked_mutton":5,"minecraft:stone_pickaxe":3,"minecraft:air":0,"minecraft:crafting_table":3},"minecraft:custom":{"minecraft:interact_with_crafting_table":14,"minecraft:time_since_rest":24715,"minecraft:walk_one_cm":91974,"minecraft:leave_game":1,"minecraft:walk_under_water_one_cm":5132,"minecraft:mob_kills":14,"minecraft:damage_taken":635,"minecraft:play_time":36154,"minecraft:damage_dealt":1783,"minecraft:jump":489,"minecraft:time_since_death":36154,"minecraft:interact_with_furnace":13,"minecraft:sprint_one_cm":65488,"minecraft:sleep_in_bed":1,"minecraft:fall_one_cm":13331,"minecraft:total_world_time":36154,"minecraft:fly_one_cm":66524,"minecraft:walk_on_water_one_cm":3001,"minecraft:crouch_one_cm":514,"minecraft:sneak_time":448},"minecraft:picked_up":{"minecraft:porkchop":4,"minecraft:diorite":15,"minecraft:dirt":13,"minecraft:cobblestone":272,"minecraft:white_wool":3,"minecraft:flint":3,"minecraft:wildflowers":16,"minecraft:gravel":6,"minecraft:bow":1,"minecraft:arrow":5,"minecraft:bone":1,"minecraft:raw_copper":10,"minecraft:torch":3,"minecraft:rotten_flesh":7,"minecraft:coal":43,"minecraft:birch_log":14,"minecraft:mutton":5,"minecraft:lapis_lazuli":16},"minecraft:killed":{"minecraft:zombie":4,"minecraft:skeleton":2,"minecraft:pig":2,"minecraft:sheep":3},"minecraft:broken":{"minecraft:stone_pickaxe":2},"minecraft:mined":{"minecraft:wildflowers":4,"minecraft:dirt":10,"minecraft:birch_leaves":2,"minecraft:diorite":15,"minecraft:coal_ore":43,"minecraft:grass_block":1,"minecraft:cobblestone":7,"minecraft:gravel":9,"minecraft:short_grass":1,"minecraft:wall_torch":3,"minecraft:dark_oak_leaves":1,"minecraft:birch_log":9,"minecraft:copper_ore":3,"minecraft:stone":265,"minecraft:lapis_ore":2}},"DataVersion":4325}