{"stats":{"minecraft:killed_by":{"minecraft:skeleton":1},"minecraft:used":{"minecraft:stone_sword":84,"minecraft:wildflowers":11,"minecraft:iron_pickaxe":14,"minecraft:wooden_pickaxe":17,"minecraft:cooked_chicken":1,"minecraft:cobblestone":112,"minecraft:rotten_flesh":9,"minecraft:birch_planks":2,"minecraft:cooked_mutton":5,"minecraft:crafting_table":4,"minecraft:furnace":4,"minecraft:cooked_porkchop":4,"minecraft:white_bed":1,"minecraft:torch":55,"minecraft:stone_pickaxe":384,"minecraft:dirt":13},"minecraft:crafted":{"minecraft:stone_sword":1,"minecraft:furnace":4,"minecraft:iron_ingot":3,"minecraft:cooked_chicken":1,"minecraft:birch_planks":56,"minecraft:stone_pickaxe":3,"minecraft:cooked_mutton":5,"minecraft:crafting_table":4,"minecraft:torch":44,"minecraft:white_bed":1,"minecraft:stick":32,"minecraft:wooden_pickaxe":1,"minecraft:cooked_porkchop":4,"minecraft:iron_pickaxe":1,"minecraft:air":0},"minecraft:custom":{"minecraft:interact_with_crafting_table":18,"minecraft:time_since_rest":5928,"minecraft:walk_one_cm":168477,"minecraft:leave_game":1,"minecraft:walk_under_water_one_cm":9702,"minecraft:damage_taken":1195,"minecraft:mob_kills":25,"minecraft:play_time":60142,"minecraft:damage_dealt":3099,"minecraft:jump":983,"minecraft:time_since_death":6056,"minecraft:drop":1,"minecraft:interact_with_furnace":22,"minecraft:sprint_one_cm":127050,"minecraft:sleep_in_bed":2,"minecraft:fall_one_cm":22973,"minecraft:total_world_time":60142,"minecraft:swim_one_cm":3263,"minecraft:fly_one_cm":112643,"minecraft:walk_on_water_one_cm":9755,"minecraft:crouch_one_cm":6009,"minecraft:sneak_time":3519,"minecraft:deaths":1},"minecraft:dropped":{"minecraft:rotten_flesh":0},"minecraft:picked_up":{"minecraft:dirt":13,"minecraft:cobblestone":287,"minecraft:flint":3,"minecraft:gravel":8,"minecraft:torch":13,"minecraft:bone":1,"minecraft:tuff":1,"minecraft:coal":43,"minecraft:clay_ball":4,"minecraft:birch_log":14,"minecraft:diamond":1,"minecraft:wheat_seeds":1,"minecraft:lapis_lazuli":16,"minecraft:porkchop":4,"minecraft:diorite":16,"minecraft:white_wool":7,"minecraft:feather":1,"minecraft:wildflowers":18,"minecraft:chicken":1,"minecraft:bow":1,"minecraft:arrow":6,"minecraft:raw_copper":10,"minecraft:rotten_flesh":11,"minecraft:raw_iron":10,"minecraft:cobbled_deepslate":11,"minecraft:string":2,"minecraft:raw_gold":2,"minecraft:dandelion":1,"minecraft:mutton":10},"minecraft:killed":{"minecraft:zombie":8,"minecraft:skeleton":3,"minecraft:chicken":1,"minecraft:sheep":7,"minecraft:pig":2,"minecraft:spider":1},"minecraft:broken":{"minecraft:stone_pickaxe":2},"minecraft:mined":{"minecraft:torch":6,"minecraft:dandelion":1,"minecraft:coal_ore":43,"minecraft:diorite":16,"minecraft:cobblestone":12,"minecraft:gravel":12,"minecraft:short_grass":6,"minecraft:clay":1,"minecraft:birch_log":9,"minecraft:copper_ore":3,"minecraft:cave_vines":5,"minecraft:wildflowers":5,"minecraft:tall_grass":3,"minecraft:dirt":10,"minecraft:birch_leaves":2,"minecraft:grass_block":1,"minecraft:moss_block":6,"minecraft:deepslate_gold_ore":2,"minecraft:tuff":1,"minecraft:wall_torch":6,"minecraft:dark_oak_leaves":1,"minecraft:deepslate":12,"minecraft:deepslate_diamond_ore":1,"minecraft:deepslate_iron_ore":10,"minecraft:azalea":1,"minecraft:stone":280,"minecraft:lapis_ore":2}},"DataVersion":4325}