{"stats":{"minecraft:killed_by":{"minecraft:skeleton":1},"minecraft:used":{"minecraft:stone_sword":89,"minecraft:wildflowers":11,"minecraft:iron_pickaxe":41,"minecraft:wooden_pickaxe":17,"minecraft:white_wool":1,"minecraft:cooked_chicken":1,"minecraft:cobblestone":116,"minecraft:rotten_flesh":9,"minecraft:birch_planks":2,"minecraft:cooked_mutton":5,"minecraft:crafting_table":4,"minecraft:furnace":4,"minecraft:porkchop":1,"minecraft:cooked_porkchop":6,"minecraft:white_bed":1,"minecraft:torch":61,"minecraft:stone_pickaxe":384,"minecraft:dirt":13},"minecraft:crafted":{"minecraft:stone_sword":1,"minecraft:furnace":4,"minecraft:iron_ingot":9,"minecraft:cooked_chicken":1,"minecraft:birch_planks":56,"minecraft:stone_pickaxe":3,"minecraft:cooked_mutton":5,"minecraft:crafting_table":4,"minecraft:torch":44,"minecraft:white_bed":1,"minecraft:stick":32,"minecraft:wooden_pickaxe":1,"minecraft:cooked_porkchop":7,"minecraft:iron_pickaxe":1,"minecraft:air":0},"minecraft:custom":{"minecraft:interact_with_crafting_table":18,"minecraft:time_since_rest":17928,"minecraft:walk_one_cm":220818,"minecraft:leave_game":1,"minecraft:walk_under_water_one_cm":9702,"minecraft:damage_taken":1255,"minecraft:mob_kills":29,"minecraft:play_time":72142,"minecraft:damage_dealt":3598,"minecraft:jump":1173,"minecraft:time_since_death":18056,"minecraft:drop":1,"minecraft:interact_with_furnace":26,"minecraft:sprint_one_cm":164132,"minecraft:sleep_in_bed":2,"minecraft:fall_one_cm":28758,"minecraft:total_world_time":72142,"minecraft:swim_one_cm":3263,"minecraft:fly_one_cm":128187,"minecraft:walk_on_water_one_cm":10603,"minecraft:crouch_one_cm":6735,"minecraft:sneak_time":3699,"minecraft:deaths":1},"minecraft:dropped":{"minecraft:rotten_flesh":0},"minecraft:picked_up":{"minecraft:dirt":13,"minecraft:cobblestone":422,"minecraft:flint":6,"minecraft:gravel":16,"minecraft:redstone":12,"minecraft:torch":19,"minecraft:bone":2,"minecraft:tuff":2,"minecraft:coal":43,"minecraft:stone_pickaxe":1,"minecraft:clay_ball":8,"minecraft:birch_planks":16,"minecraft:birch_log":14,"minecraft:diamond":4,"minecraft:wheat_seeds":2,"minecraft:iron_pickaxe":1,"minecraft:lapis_lazuli":32,"minecraft:porkchop":9,"minecraft:diorite":32,"minecraft:wooden_pickaxe":1,"minecraft:white_wool":8,"minecraft:feather":2,"minecraft:wildflowers":31,"minecraft:chicken":1,"minecraft:bow":2,"minecraft:crafting_table":1,"minecraft:arrow":12,"minecraft:raw_copper":20,"minecraft:rotten_flesh":13,"minecraft:raw_iron":11,"minecraft:cobbled_deepslate":31,"minecraft:string":4,"minecraft:stone_sword":1,"minecraft:raw_gold":11,"minecraft:dandelion":1,"minecraft:mutton":10},"minecraft:killed":{"minecraft:zombie":9,"minecraft:skeleton":3,"minecraft:chicken":1,"minecraft:sheep":7,"minecraft:pig":5,"minecraft:spider":1},"minecraft:broken":{"minecraft:stone_pickaxe":2},"minecraft:mined":{"minecraft:torch":10,"minecraft:dandelion":1,"minecraft:coal_ore":43,"minecraft:diorite":16,"minecraft:cobblestone":15,"minecraft:gravel":12,"minecraft:short_grass":10,"minecraft:clay":1,"minecraft:crafting_table":1,"minecraft:birch_log":9,"minecraft:deepslate_redstone_ore":3,"minecraft:copper_ore":3,"minecraft:cave_vines":5,"minecraft:wildflowers":8,"minecraft:tall_grass":3,"minecraft:dirt":10,"minecraft:birch_leaves":2,"minecraft:grass_block":1,"minecraft:moss_block":6,"minecraft:deepslate_gold_ore":9,"minecraft:white_wool":1,"minecraft:tuff":1,"minecraft:wall_torch":6,"minecraft:dark_oak_leaves":1,"minecraft:deepslate":20,"minecraft:deepslate_diamond_ore":3,"minecraft:deepslate_iron_ore":10,"minecraft:azalea":1,"minecraft:stone":280,"minecraft:lapis_ore":2}},"DataVersion":4325}