{"stats":{"minecraft:custom":{"minecraft:time_since_rest":16889,"minecraft:talked_to_villager":4,"minecraft:leave_game":12,"minecraft:damage_taken":13402,"minecraft:mob_kills":167,"minecraft:boat_one_cm":179315,"minecraft:time_since_death":57276,"minecraft:aviate_one_cm":208157,"minecraft:open_enderchest":1,"minecraft:interact_with_furnace":221,"minecraft:sleep_in_bed":19,"minecraft:swim_one_cm":29891,"minecraft:total_world_time":718752,"minecraft:crouch_one_cm":81880,"minecraft:deaths":15,"minecraft:climb_one_cm":3483,"minecraft:damage_blocked_by_shield":14056,"minecraft:interact_with_crafting_table":117,"minecraft:walk_one_cm":1662085,"minecraft:walk_under_water_one_cm":29535,"minecraft:damage_dealt":33897,"minecraft:play_time":718752,"minecraft:jump":12289,"minecraft:drop":13,"minecraft:sprint_one_cm":1887490,"minecraft:open_chest":257,"minecraft:fall_one_cm":333960,"minecraft:fly_one_cm":1835834,"minecraft:interact_with_anvil":7,"minecraft:walk_on_water_one_cm":76682,"minecraft:sneak_time":28212},"minecraft:killed_by":{"minecraft:skeleton":2,"minecraft:player":1,"minecraft:creeper":3,"minecraft:enderman":5,"minecraft:ender_dragon":1,"minecraft:cave_spider":1},"minecraft:mined":{"minecraft:torch":10,"minecraft:redstone_ore":7,"minecraft:nether_quartz_ore":82,"minecraft:chest":7,"minecraft:pumpkin":2,"minecraft:netherrack":49,"minecraft:gravel":26,"minecraft:short_grass":144,"minecraft:magenta_stained_glass":1,"minecraft:dirt_path":2,"minecraft:crafting_table":8,"minecraft:birch_log":19,"minecraft:deepslate_redstone_ore":6,"minecraft:leaf_litter":30,"minecraft:purpur_slab":2,"minecraft:obsidian":1,"minecraft:copper_ore":4,"minecraft:cave_vines":5,"minecraft:nether_wart_block":1,"minecraft:birch_leaves":9,"minecraft:andesite":6,"minecraft:moss_block":6,"minecraft:end_rod":3,"minecraft:purpur_block":3,"minecraft:deepslate_gold_ore":11,"minecraft:ice":1,"minecraft:wall_torch":7,"minecraft:dark_oak_leaves":1,"minecraft:diamond_ore":2,"minecraft:fire":1,"minecraft:kelp_plant":2,"minecraft:deepslate_lapis_ore":1,"minecraft:deepslate_diamond_ore":5,"minecraft:deepslate_iron_ore":23,"minecraft:birch_planks":1,"minecraft:purpur_stairs":7,"minecraft:azalea":1,"minecraft:iron_ore":180,"minecraft:stone":599,"minecraft:granite":18,"minecraft:bush":4,"minecraft:dandelion":1,"minecraft:coal_ore":106,"minecraft:wheat":5,"minecraft:diorite":39,"minecraft:oak_planks":42,"minecraft:cobblestone":18,"minecraft:hay_block":48,"minecraft:sugar_cane":2,"minecraft:white_bed":1,"minecraft:purpur_pillar":21,"minecraft:kelp":2,"minecraft:oak_leaves":102,"minecraft:end_stone_bricks":5,"minecraft:chorus_plant":22,"minecraft:furnace":2,"minecraft:end_stone":512,"minecraft:brewing_stand":1,"minecraft:clay":1,"minecraft:crimson_nylium":2,"minecraft:crimson_roots":2,"minecraft:tall_grass":19,"minecraft:wildflowers":12,"minecraft:emerald_ore":6,"minecraft:rail":1,"minecraft:dirt":237,"minecraft:grass_block":677,"minecraft:cobweb":5,"minecraft:cobbled_deepslate":4,"minecraft:carved_pumpkin":3,"minecraft:white_wool":1,"minecraft:tuff":3,"minecraft:deepslate":120,"minecraft:sand":321,"minecraft:oak_log":341,"minecraft:lapis_ore":7},"minecraft:crafted":{"minecraft:stone_sword":2,"minecraft:firework_rocket":9,"minecraft:diamond_boots":1,"minecraft:gold_ingot":19,"minecraft:iron_chestplate":1,"minecraft:stick":88,"minecraft:cooked_porkchop":16,"minecraft:iron_helmet":1,"minecraft:iron_block":3,"minecraft:diamond_pickaxe":1,"minecraft:chest":27,"minecraft:air":0,"minecraft:repeater":4,"minecraft:oak_boat":2,"minecraft:ladder":6,"minecraft:glass":308,"minecraft:cobblestone_slab":18,"minecraft:redstone_torch":8,"minecraft:oak_planks":1108,"minecraft:shears":1,"minecraft:iron_shovel":4,"minecraft:iron_sword":3,"minecraft:stone_shovel":2,"minecraft:cooked_chicken":4,"minecraft:birch_planks":76,"minecraft:stone_pickaxe":3,"minecraft:cooked_mutton":20,"minecraft:coal_block":4,"minecraft:iron_boots":1,"minecraft:anvil":1,"minecraft:wooden_pickaxe":1,"minecraft:cooked_beef":4,"minecraft:diamond_chestplate":1,"minecraft:diamond_sword":1,"minecraft:paper":3,"minecraft:wheat":423,"minecraft:furnace":8,"minecraft:iron_ingot":100,"minecraft:golden_boots":2,"minecraft:bread":101,"minecraft:stone":12,"minecraft:tripwire_hook":2,"minecraft:crafting_table":10,"minecraft:torch":44,"minecraft:white_bed":3,"minecraft:shield":2,"minecraft:stone_axe":1,"minecraft:crossbow":1,"minecraft:observer":8,"minecraft:iron_pickaxe":1,"minecraft:iron_axe":3,"minecraft:iron_leggings":1,"minecraft:piston":3},"minecraft:dropped":{"minecraft:rotten_flesh":0,"minecraft:cobblestone":0,"minecraft:iron_ingot":0,"minecraft:stone_sword":0,"minecraft:gold_ingot":0,"minecraft:diamond_pickaxe":0,"minecraft:diamond_sword":0,"minecraft:emerald":0,"minecraft:iron_sword":0},"minecraft:used":{"minecraft:iron_axe":474,"minecraft:purpur_pillar":18,"minecraft:leaf_litter":11,"minecraft:wildflowers":11,"minecraft:shield":206,"minecraft:end_stone":393,"minecraft:iron_pickaxe":368,"minecraft:diamond_sword":739,"minecraft:oak_boat":36,"minecraft:firework_rocket":9,"minecraft:iron_sword":257,"minecraft:diamond_pickaxe":1225,"minecraft:cooked_mutton":20,"minecraft:glass":217,"minecraft:golden_boots":3,"minecraft:crossbow":1,"minecraft:cooked_porkchop":21,"minecraft:granite":15,"minecraft:iron_shovel":1041,"minecraft:stone_sword":100,"minecraft:wooden_pickaxe":17,"minecraft:cobblestone":232,"minecraft:golden_apple":1,"minecraft:crafting_table":14,"minecraft:end_stone_bricks":3,"minecraft:iron_chestplate":5,"minecraft:white_bed":4,"minecraft:stone_pickaxe":384,"minecraft:bow":7,"minecraft:iron_leggings":3,"minecraft:cobbled_deepslate":31,"minecraft:netherrack":2,"minecraft:chorus_fruit":40,"minecraft:stone_shovel":178,"minecraft:birch_planks":19,"minecraft:pumpkin":2,"minecraft:rotten_flesh":9,"minecraft:water_bucket":3,"minecraft:anvil":1,"minecraft:furnace":10,"minecraft:bread":146,"minecraft:torch":61,"minecraft:dirt":443,"minecraft:iron_boots":1,"minecraft:chicken":2,"minecraft:gravel":2,"minecraft:white_wool":1,"minecraft:cooked_chicken":1,"minecraft:rail":1,"minecraft:shears":2,"minecraft:cooked_beef":4,"minecraft:bucket":3,"minecraft:chest":12,"minecraft:iron_helmet":2,"minecraft:carved_pumpkin":2,"minecraft:oak_planks":553,"minecraft:porkchop":1,"minecraft:ender_pearl":15},"minecraft:killed":{"minecraft:stray":1,"minecraft:skeleton":26,"minecraft:pig":10,"minecraft:spider":14,"minecraft:shulker":6,"minecraft:zombie":50,"minecraft:cave_spider":1,"minecraft:creeper":2,"minecraft:rabbit":1,"minecraft:chicken":4,"minecraft:enderman":17,"minecraft:sheep":18,"minecraft:hoglin":2,"minecraft:cow":2},"minecraft:broken":{"minecraft:stone_shovel":1,"minecraft:iron_axe":1,"minecraft:shield":1,"minecraft:iron_shovel":4,"minecraft:golden_boots":1,"minecraft:stone_pickaxe":2},"minecraft:picked_up":{"minecraft:iron_door":2,"minecraft:brewing_stand":1,"minecraft:cobblestone":1066,"minecraft:shears":1,"minecraft:glass":64,"minecraft:saddle":3,"minecraft:flint":7,"minecraft:sugar_cane":5,"minecraft:purpur_block":3,"minecraft:bone":25,"minecraft:redstone":71,"minecraft:cooked_mutton":45,"minecraft:clay_ball":8,"minecraft:iron_bars":41,"minecraft:diamond":19,"minecraft:iron_sword":9,"minecraft:granite":33,"minecraft:emerald":9,"minecraft:crimson_roots":4,"minecraft:purpur_pillar":19,"minecraft:wildflowers":80,"minecraft:bow":8,"minecraft:arrow":46,"minecraft:iron_ingot":2,"minecraft:end_stone":515,"minecraft:crossbow":6,"minecraft:hay_block":47,"minecraft:raw_gold":14,"minecraft:stone_sword":2,"minecraft:dandelion":3,"minecraft:mutton":27,"minecraft:diamond_leggings":2,"minecraft:iron_chestplate":10,"minecraft:dirt":966,"minecraft:rail":1,"minecraft:rabbit_hide":1,"minecraft:golden_boots":5,"minecraft:torch":21,"minecraft:diamond_pickaxe":16,"minecraft:bread":46,"minecraft:iron_boots":1,"minecraft:coal":159,"minecraft:oak_log":341,"minecraft:sand":308,"minecraft:birch_planks":53,"minecraft:furnace":3,"minecraft:wheat_seeds":116,"minecraft:iron_pickaxe":3,"minecraft:quartz":94,"minecraft:iron_leggings":10,"minecraft:diamond_sword":12,"minecraft:birch_sapling":2,"minecraft:poppy":1,"minecraft:cooked_beef":2,"minecraft:feather":6,"minecraft:white_wool":19,"minecraft:potion":5,"minecraft:snowball":37,"minecraft:andesite":7,"minecraft:beetroot_seeds":2,"minecraft:ender_pearl":28,"minecraft:string":41,"minecraft:obsidian":1,"minecraft:nether_wart_block":2,"minecraft:iron_helmet":7,"minecraft:carrot":1,"minecraft:rabbit":1,"minecraft:white_bed":10,"minecraft:leather":2,"minecraft:shulker_shell":1,"minecraft:water_bucket":1,"minecraft:stone_pickaxe":1,"minecraft:gold_ingot":21,"minecraft:chorus_fruit":399,"minecraft:glow_ink_sac":1,"minecraft:carved_pumpkin":5,"minecraft:porkchop":31,"minecraft:stick":25,"minecraft:chicken":6,"minecraft:diamond_boots":1,"minecraft:cooked_porkchop":17,"minecraft:cooked_chicken":3,"minecraft:kelp":4,"minecraft:raw_iron":316,"minecraft:cobbled_deepslate":134,"minecraft:diamond_chestplate":1,"minecraft:pumpkin_seeds":4,"minecraft:end_stone_bricks":5,"minecraft:wheat":73,"minecraft:gunpowder":4,"minecraft:end_rod":3,"minecraft:chest":7,"minecraft:elytra":2,"minecraft:netherrack":28,"minecraft:purpur_slab":2,"minecraft:gravel":23,"minecraft:tuff":4,"minecraft:leaf_litter":181,"minecraft:birch_log":26,"minecraft:shield":7,"minecraft:lapis_lazuli":153,"minecraft:pumpkin":4,"minecraft:spider_eye":3,"minecraft:tipped_arrow":1,"minecraft:diorite":57,"minecraft:wooden_pickaxe":1,"minecraft:oak_boat":36,"minecraft:oak_planks":120,"minecraft:crafting_table":11,"minecraft:raw_copper":27,"minecraft:oak_sapling":32,"minecraft:rotten_flesh":113,"minecraft:beef":4,"minecraft:apple":9,"minecraft:purpur_stairs":6,"minecraft:cracked_stone_bricks":1}},"DataVersion":4325}