{"stats":{"minecraft:killed_by":{"minecraft:skeleton":2,"minecraft:player":1,"minecraft:creeper":2,"minecraft:enderman":5,"minecraft:ender_dragon":1,"minecraft:cave_spider":1},"minecraft:crafted":{"minecraft:stone_sword":2,"minecraft:cooked_chicken":4,"minecraft:birch_planks":76,"minecraft:gold_ingot":19,"minecraft:stone_pickaxe":3,"minecraft:cooked_mutton":20,"minecraft:iron_chestplate":1,"minecraft:iron_boots":1,"minecraft:anvil":1,"minecraft:stick":60,"minecraft:wooden_pickaxe":1,"minecraft:cooked_beef":4,"minecraft:cooked_porkchop":16,"minecraft:iron_helmet":1,"minecraft:iron_block":3,"minecraft:diamond_pickaxe":1,"minecraft:chest":7,"minecraft:diamond_sword":1,"minecraft:air":0,"minecraft:wheat":171,"minecraft:furnace":6,"minecraft:oak_boat":1,"minecraft:iron_ingot":88,"minecraft:golden_boots":1,"minecraft:bread":57,"minecraft:glass":65,"minecraft:tripwire_hook":2,"minecraft:crafting_table":8,"minecraft:torch":44,"minecraft:white_bed":3,"minecraft:shield":1,"minecraft:oak_planks":316,"minecraft:crossbow":1,"minecraft:iron_pickaxe":1,"minecraft:iron_shovel":4,"minecraft:iron_sword":3,"minecraft:iron_axe":3,"minecraft:iron_leggings":1},"minecraft:used":{"minecraft:iron_axe":474,"minecraft:leaf_litter":11,"minecraft:iron_leggings":3,"minecraft:netherrack":2,"minecraft:wildflowers":11,"minecraft:shield":106,"minecraft:end_stone":30,"minecraft:iron_pickaxe":50,"minecraft:diamond_sword":167,"minecraft:oak_boat":4,"minecraft:iron_sword":247,"minecraft:birch_planks":19,"minecraft:pumpkin":1,"minecraft:rotten_flesh":9,"minecraft:diamond_pickaxe":583,"minecraft:cooked_mutton":20,"minecraft:golden_boots":3,"minecraft:anvil":1,"minecraft:crossbow":1,"minecraft:furnace":8,"minecraft:cooked_porkchop":18,"minecraft:bread":61,"minecraft:granite":15,"minecraft:torch":61,"minecraft:dirt":431,"minecraft:iron_boots":1,"minecraft:iron_shovel":1041,"minecraft:stone_sword":100,"minecraft:chicken":2,"minecraft:wooden_pickaxe":17,"minecraft:gravel":2,"minecraft:white_wool":1,"minecraft:cooked_chicken":1,"minecraft:cobblestone":153,"minecraft:rail":1,"minecraft:cooked_beef":4,"minecraft:crafting_table":12,"minecraft:chest":8,"minecraft:iron_helmet":2,"minecraft:iron_chestplate":5,"minecraft:oak_planks":231,"minecraft:porkchop":1,"minecraft:white_bed":4,"minecraft:stone_pickaxe":384,"minecraft:ender_pearl":3,"minecraft:bow":7},"minecraft:custom":{"minecraft:time_since_rest":18030,"minecraft:talked_to_villager":3,"minecraft:leave_game":7,"minecraft:damage_taken":8312,"minecraft:mob_kills":105,"minecraft:boat_one_cm":52849,"minecraft:time_since_death":17926,"minecraft:interact_with_furnace":131,"minecraft:sleep_in_bed":14,"minecraft:swim_one_cm":7660,"minecraft:total_world_time":382299,"minecraft:crouch_one_cm":34568,"minecraft:deaths":12,"minecraft:climb_one_cm":435,"minecraft:damage_blocked_by_shield":7324,"minecraft:interact_with_crafting_table":80,"minecraft:walk_one_cm":1078263,"minecraft:walk_under_water_one_cm":17853,"minecraft:damage_dealt":16596,"minecraft:play_time":382299,"minecraft:jump":7528,"minecraft:drop":13,"minecraft:sprint_one_cm":1114445,"minecraft:open_chest":114,"minecraft:fall_one_cm":196487,"minecraft:fly_one_cm":1083876,"minecraft:interact_with_anvil":4,"minecraft:walk_on_water_one_cm":33941,"minecraft:sneak_time":12951},"minecraft:dropped":{"minecraft:rotten_flesh":0,"minecraft:cobblestone":0,"minecraft:iron_ingot":0,"minecraft:stone_sword":0,"minecraft:gold_ingot":0,"minecraft:diamond_pickaxe":0,"minecraft:diamond_sword":0,"minecraft:emerald":0,"minecraft:iron_sword":0},"minecraft:picked_up":{"minecraft:iron_door":2,"minecraft:carrot":1,"minecraft:rabbit":1,"minecraft:cobblestone":880,"minecraft:glass":64,"minecraft:flint":6,"minecraft:white_bed":10,"minecraft:leather":2,"minecraft:bone":17,"minecraft:redstone":36,"minecraft:stone_pickaxe":1,"minecraft:cooked_mutton":45,"minecraft:clay_ball":8,"minecraft:iron_bars":41,"minecraft:chorus_fruit":138,"minecraft:diamond":11,"minecraft:iron_sword":9,"minecraft:granite":33,"minecraft:emerald":6,"minecraft:crimson_roots":4,"minecraft:glow_ink_sac":1,"minecraft:porkchop":23,"minecraft:stick":25,"minecraft:wildflowers":80,"minecraft:chicken":3,"minecraft:cooked_porkchop":15,"minecraft:bow":7,"minecraft:arrow":40,"minecraft:cooked_chicken":3,"minecraft:kelp":1,"minecraft:end_stone":134,"minecraft:raw_iron":110,"minecraft:cobbled_deepslate":63,"minecraft:crossbow":5,"minecraft:hay_block":34,"minecraft:raw_gold":11,"minecraft:stone_sword":2,"minecraft:dandelion":3,"minecraft:wheat":9,"minecraft:mutton":25,"minecraft:chest":1,"minecraft:iron_chestplate":7,"minecraft:netherrack":23,"minecraft:dirt":925,"minecraft:rail":1,"minecraft:rabbit_hide":1,"minecraft:gravel":20,"minecraft:golden_boots":5,"minecraft:torch":21,"minecraft:diamond_pickaxe":12,"minecraft:bread":13,"minecraft:tuff":4,"minecraft:leaf_litter":160,"minecraft:coal":100,"minecraft:oak_log":341,"minecraft:sand":129,"minecraft:birch_planks":53,"minecraft:birch_log":26,"minecraft:furnace":3,"minecraft:wheat_seeds":111,"minecraft:shield":4,"minecraft:lapis_lazuli":124,"minecraft:iron_pickaxe":1,"minecraft:pumpkin":4,"minecraft:spider_eye":2,"minecraft:quartz":58,"minecraft:iron_leggings":7,"minecraft:diamond_sword":8,"minecraft:diorite":42,"minecraft:wooden_pickaxe":1,"minecraft:birch_sapling":2,"minecraft:poppy":1,"minecraft:oak_boat":4,"minecraft:cooked_beef":2,"minecraft:feather":5,"minecraft:white_wool":17,"minecraft:oak_planks":44,"minecraft:potion":2,"minecraft:crafting_table":7,"minecraft:raw_copper":24,"minecraft:oak_sapling":32,"minecraft:andesite":6,"minecraft:rotten_flesh":97,"minecraft:beef":4,"minecraft:apple":9,"minecraft:ender_pearl":12,"minecraft:string":33,"minecraft:obsidian":1,"minecraft:nether_wart_block":2,"minecraft:iron_helmet":6,"minecraft:cracked_stone_bricks":1},"minecraft:killed":{"minecraft:zombie":37,"minecraft:skeleton":18,"minecraft:cave_spider":1,"minecraft:rabbit":1,"minecraft:chicken":3,"minecraft:enderman":1,"minecraft:sheep":16,"minecraft:hoglin":1,"minecraft:pig":9,"minecraft:cow":2,"minecraft:spider":5},"minecraft:broken":{"minecraft:iron_axe":1,"minecraft:shield":1,"minecraft:iron_shovel":4,"minecraft:golden_boots":1,"minecraft:stone_pickaxe":2},"minecraft:mined":{"minecraft:torch":10,"minecraft:redstone_ore":2,"minecraft:nether_quartz_ore":62,"minecraft:chest":1,"minecraft:pumpkin":2,"minecraft:netherrack":38,"minecraft:gravel":18,"minecraft:short_grass":129,"minecraft:dirt_path":1,"minecraft:crafting_table":6,"minecraft:birch_log":19,"minecraft:deepslate_redstone_ore":4,"minecraft:leaf_litter":26,"minecraft:obsidian":1,"minecraft:copper_ore":4,"minecraft:cave_vines":5,"minecraft:nether_wart_block":1,"minecraft:birch_leaves":9,"minecraft:andesite":4,"minecraft:moss_block":6,"minecraft:deepslate_gold_ore":9,"minecraft:wall_torch":7,"minecraft:dark_oak_leaves":1,"minecraft:fire":1,"minecraft:kelp_plant":1,"minecraft:deepslate_lapis_ore":1,"minecraft:deepslate_diamond_ore":4,"minecraft:deepslate_iron_ore":21,"minecraft:birch_planks":1,"minecraft:azalea":1,"minecraft:iron_ore":65,"minecraft:stone":419,"minecraft:granite":18,"minecraft:bush":4,"minecraft:dandelion":1,"minecraft:coal_ore":62,"minecraft:wheat":5,"minecraft:diorite":24,"minecraft:oak_planks":30,"minecraft:cobblestone":18,"minecraft:hay_block":35,"minecraft:white_bed":1,"minecraft:kelp":2,"minecraft:oak_leaves":85,"minecraft:chorus_plant":13,"minecraft:furnace":2,"minecraft:end_stone":126,"minecraft:clay":1,"minecraft:crimson_nylium":2,"minecraft:crimson_roots":2,"minecraft:tall_grass":19,"minecraft:wildflowers":12,"minecraft:emerald_ore":2,"minecraft:rail":1,"minecraft:dirt":229,"minecraft:grass_block":670,"minecraft:cobweb":5,"minecraft:cobbled_deepslate":1,"minecraft:white_wool":1,"minecraft:tuff":3,"minecraft:deepslate":50,"minecraft:sand":133,"minecraft:oak_log":341,"minecraft:lapis_ore":3}},"DataVersion":4325}