{"stats":{"minecraft:killed_by":{"minecraft:skeleton":2,"minecraft:creeper":2,"minecraft:cave_spider":1},"minecraft:crafted":{"minecraft:stone_sword":2,"minecraft:furnace":5,"minecraft:iron_ingot":15,"minecraft:cooked_chicken":1,"minecraft:birch_planks":76,"minecraft:stone_pickaxe":3,"minecraft:cooked_mutton":7,"minecraft:crafting_table":5,"minecraft:torch":44,"minecraft:white_bed":1,"minecraft:stick":44,"minecraft:wooden_pickaxe":1,"minecraft:cooked_beef":4,"minecraft:shield":1,"minecraft:oak_planks":28,"minecraft:cooked_porkchop":10,"minecraft:chest":2,"minecraft:diamond_pickaxe":1,"minecraft:iron_pickaxe":1,"minecraft:iron_sword":2,"minecraft:air":0},"minecraft:used":{"minecraft:leaf_litter":11,"minecraft:wildflowers":11,"minecraft:shield":14,"minecraft:iron_pickaxe":50,"minecraft:iron_sword":20,"minecraft:rotten_flesh":9,"minecraft:birch_planks":19,"minecraft:diamond_pickaxe":196,"minecraft:cooked_mutton":7,"minecraft:furnace":6,"minecraft:cooked_porkchop":10,"minecraft:granite":8,"minecraft:torch":61,"minecraft:dirt":32,"minecraft:stone_sword":100,"minecraft:wooden_pickaxe":17,"minecraft:gravel":2,"minecraft:white_wool":1,"minecraft:cooked_chicken":1,"minecraft:cobblestone":145,"minecraft:cooked_beef":4,"minecraft:crafting_table":8,"minecraft:chest":2,"minecraft:oak_planks":6,"minecraft:porkchop":1,"minecraft:white_bed":1,"minecraft:stone_pickaxe":384},"minecraft:custom":{"minecraft:time_since_rest":5801,"minecraft:leave_game":5,"minecraft:damage_taken":3217,"minecraft:mob_kills":45,"minecraft:time_since_death":5682,"minecraft:interact_with_furnace":42,"minecraft:sleep_in_bed":3,"minecraft:total_world_time":141473,"minecraft:swim_one_cm":4968,"minecraft:crouch_one_cm":12223,"minecraft:deaths":5,"minecraft:climb_one_cm":159,"minecraft:damage_blocked_by_shield":804,"minecraft:interact_with_crafting_table":28,"minecraft:walk_one_cm":448048,"minecraft:walk_under_water_one_cm":12608,"minecraft:play_time":141473,"minecraft:damage_dealt":5558,"minecraft:jump":2685,"minecraft:drop":2,"minecraft:sprint_one_cm":312102,"minecraft:open_chest":3,"minecraft:fall_one_cm":58379,"minecraft:fly_one_cm":235243,"minecraft:walk_on_water_one_cm":17851,"minecraft:sneak_time":6388},"minecraft:dropped":{"minecraft:rotten_flesh":0,"minecraft:diamond_pickaxe":0},"minecraft:picked_up":{"minecraft:cobblestone":528,"minecraft:flint":6,"minecraft:leather":2,"minecraft:redstone":36,"minecraft:bone":6,"minecraft:stone_pickaxe":1,"minecraft:clay_ball":8,"minecraft:diamond":5,"minecraft:iron_sword":1,"minecraft:granite":30,"minecraft:emerald":4,"minecraft:porkchop":11,"minecraft:stick":6,"minecraft:wildflowers":80,"minecraft:chicken":1,"minecraft:bow":2,"minecraft:arrow":21,"minecraft:kelp":1,"minecraft:raw_iron":76,"minecraft:cobbled_deepslate":61,"minecraft:stone_sword":2,"minecraft:raw_gold":11,"minecraft:dandelion":1,"minecraft:mutton":12,"minecraft:dirt":49,"minecraft:rail":1,"minecraft:gravel":20,"minecraft:torch":19,"minecraft:diamond_pickaxe":5,"minecraft:tuff":4,"minecraft:leaf_litter":11,"minecraft:coal":97,"minecraft:oak_log":7,"minecraft:furnace":3,"minecraft:birch_planks":53,"minecraft:birch_log":21,"minecraft:wheat_seeds":2,"minecraft:shield":1,"minecraft:iron_pickaxe":1,"minecraft:lapis_lazuli":41,"minecraft:spider_eye":1,"minecraft:diorite":34,"minecraft:wooden_pickaxe":1,"minecraft:cooked_beef":2,"minecraft:white_wool":9,"minecraft:feather":2,"minecraft:oak_planks":14,"minecraft:crafting_table":5,"minecraft:raw_copper":24,"minecraft:rotten_flesh":17,"minecraft:beef":4,"minecraft:andesite":6,"minecraft:string":22},"minecraft:killed":{"minecraft:zombie":12,"minecraft:skeleton":7,"minecraft:cave_spider":1,"minecraft:chicken":1,"minecraft:sheep":8,"minecraft:pig":6,"minecraft:cow":2,"minecraft:spider":2},"minecraft:broken":{"minecraft:stone_pickaxe":2},"minecraft:mined":{"minecraft:torch":10,"minecraft:redstone_ore":2,"minecraft:granite":15,"minecraft:bush":3,"minecraft:dandelion":1,"minecraft:coal_ore":60,"minecraft:diorite":17,"minecraft:cobblestone":15,"minecraft:gravel":16,"minecraft:short_grass":18,"minecraft:kelp":2,"minecraft:furnace":2,"minecraft:crafting_table":4,"minecraft:clay":1,"minecraft:birch_log":14,"minecraft:leaf_litter":5,"minecraft:deepslate_redstone_ore":4,"minecraft:copper_ore":4,"minecraft:cave_vines":5,"minecraft:wildflowers":11,"minecraft:tall_grass":4,"minecraft:emerald_ore":2,"minecraft:rail":1,"minecraft:dirt":12,"minecraft:birch_leaves":8,"minecraft:andesite":4,"minecraft:grass_block":3,"minecraft:cobweb":5,"minecraft:moss_block":6,"minecraft:deepslate_gold_ore":9,"minecraft:white_wool":1,"minecraft:tuff":3,"minecraft:wall_torch":6,"minecraft:dark_oak_leaves":1,"minecraft:deepslate":50,"minecraft:kelp_plant":1,"minecraft:deepslate_lapis_ore":1,"minecraft:deepslate_diamond_ore":4,"minecraft:deepslate_iron_ore":21,"minecraft:oak_log":7,"minecraft:birch_planks":1,"minecraft:azalea":1,"minecraft:iron_ore":27,"minecraft:stone":348,"minecraft:lapis_ore":2}},"DataVersion":4325}