{"stats":{"minecraft:used":{"minecraft:stone_sword":46,"minecraft:wildflowers":11,"minecraft:cooked_mutton":5,"minecraft:crafting_table":1,"minecraft:wooden_pickaxe":12,"minecraft:furnace":1,"minecraft:cooked_porkchop":2,"minecraft:white_bed":1,"minecraft:torch":7,"minecraft:stone_pickaxe":75,"minecraft:dirt":7},"minecraft:crafted":{"minecraft:torch":12,"minecraft:white_bed":1,"minecraft:furnace":1,"minecraft:stone_sword":1,"minecraft:stick":8,"minecraft:wooden_pickaxe":1,"minecraft:cooked_porkchop":2,"minecraft:birch_planks":36,"minecraft:cooked_mutton":5,"minecraft:stone_pickaxe":1,"minecraft:air":0,"minecraft:crafting_table":1},"minecraft:custom":{"minecraft:interact_with_crafting_table":9,"minecraft:time_since_rest":12715,"minecraft:walk_one_cm":73209,"minecraft:leave_game":1,"minecraft:mob_kills":14,"minecraft:damage_taken":635,"minecraft:play_time":24154,"minecraft:damage_dealt":1783,"minecraft:jump":419,"minecraft:time_since_death":24154,"minecraft:interact_with_furnace":9,"minecraft:sprint_one_cm":64172,"minecraft:sleep_in_bed":1,"minecraft:fall_one_cm":13331,"minecraft:total_world_time":24154,"minecraft:fly_one_cm":65230,"minecraft:crouch_one_cm":259,"minecraft:sneak_time":91},"minecraft:picked_up":{"minecraft:porkchop":4,"minecraft:diorite":1,"minecraft:dirt":13,"minecraft:cobblestone":60,"minecraft:white_wool":3,"minecraft:flint":1,"minecraft:wildflowers":16,"minecraft:gravel":3,"minecraft:bow":1,"minecraft:arrow":5,"minecraft:bone":1,"minecraft:raw_copper":10,"minecraft:rotten_flesh":7,"minecraft:coal":8,"minecraft:birch_log":14,"minecraft:mutton":5},"minecraft:killed":{"minecraft:zombie":4,"minecraft:skeleton":2,"minecraft:pig":2,"minecraft:sheep":3},"minecraft:mined":{"minecraft:gravel":4,"minecraft:short_grass":1,"minecraft:wildflowers":4,"minecraft:dark_oak_leaves":1,"minecraft:dirt":10,"minecraft:birch_log":9,"minecraft:birch_leaves":2,"minecraft:diorite":1,"minecraft:coal_ore":8,"minecraft:grass_block":1,"minecraft:copper_ore":3,"minecraft:stone":60}},"DataVersion":4325}