{"stats":{"minecraft:killed_by":{"minecraft:skeleton":2,"minecraft:creeper":2,"minecraft:cave_spider":1},"minecraft:used":{"minecraft:leaf_litter":11,"minecraft:iron_leggings":1,"minecraft:wildflowers":11,"minecraft:shield":21,"minecraft:iron_pickaxe":50,"minecraft:iron_sword":51,"minecraft:birch_planks":19,"minecraft:rotten_flesh":9,"minecraft:diamond_pickaxe":212,"minecraft:cooked_mutton":10,"minecraft:furnace":7,"minecraft:cooked_porkchop":10,"minecraft:bread":6,"minecraft:granite":8,"minecraft:torch":61,"minecraft:dirt":32,"minecraft:iron_boots":1,"minecraft:stone_sword":100,"minecraft:chicken":2,"minecraft:wooden_pickaxe":17,"minecraft:gravel":2,"minecraft:white_wool":1,"minecraft:cooked_chicken":1,"minecraft:cobblestone":150,"minecraft:rail":1,"minecraft:cooked_beef":4,"minecraft:crafting_table":9,"minecraft:chest":4,"minecraft:iron_chestplate":1,"minecraft:oak_planks":6,"minecraft:porkchop":1,"minecraft:white_bed":1,"minecraft:stone_pickaxe":384},"minecraft:crafted":{"minecraft:stone_sword":2,"minecraft:cooked_chicken":1,"minecraft:birch_planks":76,"minecraft:stone_pickaxe":3,"minecraft:cooked_mutton":10,"minecraft:iron_chestplate":1,"minecraft:iron_boots":1,"minecraft:stick":44,"minecraft:wooden_pickaxe":1,"minecraft:cooked_beef":4,"minecraft:cooked_porkchop":15,"minecraft:iron_helmet":1,"minecraft:diamond_pickaxe":1,"minecraft:chest":3,"minecraft:air":0,"minecraft:wheat":126,"minecraft:furnace":5,"minecraft:iron_ingot":45,"minecraft:bread":42,"minecraft:crafting_table":5,"minecraft:torch":44,"minecraft:white_bed":1,"minecraft:shield":1,"minecraft:oak_planks":28,"minecraft:iron_pickaxe":1,"minecraft:iron_sword":2,"minecraft:iron_leggings":1},"minecraft:custom":{"minecraft:time_since_rest":6290,"minecraft:talked_to_villager":3,"minecraft:leave_game":5,"minecraft:damage_taken":3533,"minecraft:mob_kills":54,"minecraft:time_since_death":29682,"minecraft:interact_with_furnace":84,"minecraft:sleep_in_bed":5,"minecraft:swim_one_cm":4968,"minecraft:total_world_time":165473,"minecraft:crouch_one_cm":12883,"minecraft:deaths":5,"minecraft:climb_one_cm":159,"minecraft:damage_blocked_by_shield":1284,"minecraft:interact_with_crafting_table":44,"minecraft:walk_one_cm":503325,"minecraft:walk_under_water_one_cm":12688,"minecraft:damage_dealt":6658,"minecraft:play_time":165473,"minecraft:jump":3199,"minecraft:drop":6,"minecraft:sprint_one_cm":395861,"minecraft:open_chest":11,"minecraft:fall_one_cm":71667,"minecraft:fly_one_cm":324106,"minecraft:walk_on_water_one_cm":19597,"minecraft:sneak_time":6726},"minecraft:dropped":{"minecraft:rotten_flesh":0,"minecraft:cobblestone":0,"minecraft:stone_sword":0,"minecraft:diamond_pickaxe":0,"minecraft:emerald":0},"minecraft:picked_up":{"minecraft:cobblestone":578,"minecraft:flint":6,"minecraft:leather":2,"minecraft:bone":8,"minecraft:redstone":36,"minecraft:stone_pickaxe":1,"minecraft:clay_ball":8,"minecraft:diamond":5,"minecraft:iron_sword":1,"minecraft:granite":30,"minecraft:emerald":6,"minecraft:porkchop":16,"minecraft:stick":6,"minecraft:wildflowers":80,"minecraft:chicken":3,"minecraft:bow":2,"minecraft:arrow":22,"minecraft:kelp":1,"minecraft:raw_iron":76,"minecraft:cobbled_deepslate":61,"minecraft:hay_block":14,"minecraft:raw_gold":11,"minecraft:stone_sword":2,"minecraft:dandelion":1,"minecraft:mutton":15,"minecraft:chest":1,"minecraft:dirt":49,"minecraft:rail":1,"minecraft:gravel":20,"minecraft:torch":19,"minecraft:diamond_pickaxe":5,"minecraft:tuff":4,"minecraft:leaf_litter":11,"minecraft:coal":97,"minecraft:oak_log":7,"minecraft:birch_planks":53,"minecraft:birch_log":21,"minecraft:furnace":3,"minecraft:wheat_seeds":2,"minecraft:shield":1,"minecraft:lapis_lazuli":41,"minecraft:iron_pickaxe":1,"minecraft:spider_eye":1,"minecraft:diorite":34,"minecraft:wooden_pickaxe":1,"minecraft:cooked_beef":2,"minecraft:feather":5,"minecraft:white_wool":11,"minecraft:oak_planks":14,"minecraft:crafting_table":5,"minecraft:raw_copper":24,"minecraft:andesite":6,"minecraft:rotten_flesh":18,"minecraft:beef":4,"minecraft:string":22},"minecraft:killed":{"minecraft:zombie":13,"minecraft:skeleton":8,"minecraft:cave_spider":1,"minecraft:chicken":3,"minecraft:sheep":10,"minecraft:pig":8,"minecraft:cow":2,"minecraft:spider":2},"minecraft:broken":{"minecraft:stone_pickaxe":2},"minecraft:mined":{"minecraft:torch":10,"minecraft:redstone_ore":2,"minecraft:granite":15,"minecraft:bush":3,"minecraft:chest":1,"minecraft:dandelion":1,"minecraft:coal_ore":60,"minecraft:diorite":17,"minecraft:cobblestone":16,"minecraft:hay_block":15,"minecraft:gravel":16,"minecraft:short_grass":19,"minecraft:kelp":2,"minecraft:furnace":2,"minecraft:clay":1,"minecraft:crafting_table":4,"minecraft:birch_log":14,"minecraft:deepslate_redstone_ore":4,"minecraft:leaf_litter":5,"minecraft:copper_ore":4,"minecraft:cave_vines":5,"minecraft:tall_grass":4,"minecraft:wildflowers":11,"minecraft:emerald_ore":2,"minecraft:rail":1,"minecraft:dirt":12,"minecraft:birch_leaves":8,"minecraft:andesite":4,"minecraft:grass_block":3,"minecraft:cobweb":5,"minecraft:moss_block":6,"minecraft:deepslate_gold_ore":9,"minecraft:white_wool":1,"minecraft:tuff":3,"minecraft:wall_torch":6,"minecraft:dark_oak_leaves":1,"minecraft:deepslate":50,"minecraft:kelp_plant":1,"minecraft:deepslate_lapis_ore":1,"minecraft:deepslate_diamond_ore":4,"minecraft:deepslate_iron_ore":21,"minecraft:oak_log":7,"minecraft:birch_planks":1,"minecraft:azalea":1,"minecraft:iron_ore":27,"minecraft:lapis_ore":2,"minecraft:stone":355}},"DataVersion":4325}