{"stats":{"minecraft:custom":{"minecraft:time_since_rest":8439,"minecraft:talked_to_villager":170,"minecraft:leave_game":11,"minecraft:damage_taken":8138,"minecraft:mob_kills":228,"minecraft:boat_one_cm":5619,"minecraft:time_since_death":164261,"minecraft:aviate_one_cm":9212,"minecraft:open_enderchest":3,"minecraft:interact_with_brewingstand":1,"minecraft:interact_with_furnace":73,"minecraft:sleep_in_bed":8,"minecraft:swim_one_cm":22464,"minecraft:total_world_time":417376,"minecraft:crouch_one_cm":268152,"minecraft:deaths":1,"minecraft:climb_one_cm":2589,"minecraft:player_kills":1,"minecraft:enchant_item":15,"minecraft:damage_blocked_by_shield":2040,"minecraft:interact_with_crafting_table":60,"minecraft:walk_one_cm":628105,"minecraft:walk_under_water_one_cm":11804,"minecraft:damage_dealt":52153,"minecraft:play_time":417376,"minecraft:jump":6305,"minecraft:drop":45,"minecraft:sprint_one_cm":812984,"minecraft:open_chest":86,"minecraft:fall_one_cm":181964,"minecraft:fly_one_cm":1103165,"minecraft:interact_with_anvil":1,"minecraft:walk_on_water_one_cm":23548,"minecraft:sneak_time":75768},"minecraft:mined":{"minecraft:sculk":40,"minecraft:spawner":1,"minecraft:warped_wart_block":5,"minecraft:spruce_log":12,"minecraft:warped_roots":11,"minecraft:warped_nylium":12,"minecraft:netherrack":843,"minecraft:lectern":160,"minecraft:gravel":19,"minecraft:short_grass":26,"minecraft:weeping_vines_plant":5,"minecraft:weeping_vines":1,"minecraft:infested_stone_bricks":1,"minecraft:magenta_stained_glass":4,"minecraft:spruce_planks":2,"minecraft:crafting_table":8,"minecraft:birch_log":13,"minecraft:deepslate_redstone_ore":11,"minecraft:leaf_litter":33,"minecraft:twisting_vines_plant":2,"minecraft:obsidian":34,"minecraft:copper_ore":1,"minecraft:nether_wart_block":12,"minecraft:iron_door":3,"minecraft:andesite":6,"minecraft:end_rod":1,"minecraft:purpur_block":11,"minecraft:deepslate_gold_ore":1,"minecraft:nether_bricks":2,"minecraft:wall_torch":1,"minecraft:nether_brick_fence":2,"minecraft:yellow_bed":2,"minecraft:fire":6,"minecraft:deepslate_lapis_ore":19,"minecraft:deepslate_diamond_ore":71,"minecraft:deepslate_iron_ore":25,"minecraft:purpur_stairs":2,"minecraft:iron_ore":43,"minecraft:stone":1495,"minecraft:nether_sprouts":1,"minecraft:stone_bricks":48,"minecraft:granite":1,"minecraft:crimson_stem":2,"minecraft:coal_ore":40,"minecraft:diorite":13,"minecraft:oak_planks":93,"minecraft:cobblestone":75,"minecraft:hay_block":14,"minecraft:dragon_wall_head":1,"minecraft:chorus_plant":1,"minecraft:furnace":3,"minecraft:end_stone":166,"minecraft:sculk_vein":4,"minecraft:bookshelf":42,"minecraft:crimson_nylium":135,"minecraft:crimson_roots":11,"minecraft:iron_bars":23,"minecraft:cracked_stone_bricks":22,"minecraft:tall_grass":3,"minecraft:wildflowers":1,"minecraft:mossy_stone_bricks":21,"minecraft:emerald_ore":3,"minecraft:oak_stairs":1,"minecraft:dirt":11,"minecraft:twisting_vines":1,"minecraft:crimson_fungus":1,"minecraft:grass_block":18,"minecraft:cobweb":9,"minecraft:spruce_leaves":1,"minecraft:cobbled_deepslate":15,"minecraft:white_wool":1,"minecraft:tuff":3,"minecraft:deepslate":272,"minecraft:snow":132,"minecraft:lapis_ore":3},"minecraft:crafted":{"minecraft:diamond_boots":2,"minecraft:birch_planks":52,"minecraft:ender_eye":20,"minecraft:stone_pickaxe":2,"minecraft:cooked_mutton":2,"minecraft:iron_chestplate":1,"minecraft:iron_boots":1,"minecraft:stick":52,"minecraft:wooden_pickaxe":1,"minecraft:cooked_beef":10,"minecraft:cooked_porkchop":62,"minecraft:iron_helmet":1,"minecraft:diamond_pickaxe":2,"minecraft:chest":4,"minecraft:bookshelf":16,"minecraft:diamond_chestplate":2,"minecraft:diamond_sword":3,"minecraft:air":0,"minecraft:bow":2,"minecraft:wheat":126,"minecraft:bucket":2,"minecraft:flint_and_steel":2,"minecraft:furnace":2,"minecraft:birch_boat":1,"minecraft:iron_ingot":51,"minecraft:diamond_helmet":2,"minecraft:bread":42,"minecraft:blaze_powder":20,"minecraft:crafting_table":3,"minecraft:diamond_leggings":2,"minecraft:torch":68,"minecraft:shield":1,"minecraft:spruce_planks":48,"minecraft:enchanting_table":2,"minecraft:iron_pickaxe":2,"minecraft:iron_shovel":1,"minecraft:iron_sword":1,"minecraft:iron_axe":1,"minecraft:iron_leggings":1},"minecraft:used":{"minecraft:iron_axe":244,"minecraft:nether_bricks":2,"minecraft:shield":24,"minecraft:end_stone":163,"minecraft:iron_pickaxe":440,"minecraft:andesite":4,"minecraft:diamond_sword":643,"minecraft:iron_sword":245,"minecraft:diamond_pickaxe":2836,"minecraft:ender_eye":12,"minecraft:cooked_mutton":2,"minecraft:bookshelf":45,"minecraft:stone_bricks":26,"minecraft:cooked_porkchop":42,"minecraft:granite":1,"minecraft:mossy_stone_bricks":9,"minecraft:tuff":3,"minecraft:iron_shovel":153,"minecraft:stone_sword":97,"minecraft:diorite":4,"minecraft:wooden_pickaxe":3,"minecraft:cracked_stone_bricks":10,"minecraft:cobblestone":290,"minecraft:diamond_chestplate":1,"minecraft:crafting_table":10,"minecraft:birch_boat":33,"minecraft:snowball":61,"minecraft:purpur_block":6,"minecraft:stone_pickaxe":168,"minecraft:bow":14,"minecraft:cobbled_deepslate":281,"minecraft:netherrack":556,"minecraft:yellow_bed":2,"minecraft:birch_planks":6,"minecraft:water_bucket":46,"minecraft:anvil":1,"minecraft:furnace":5,"minecraft:bread":93,"minecraft:torch":29,"minecraft:dirt":1,"minecraft:obsidian":26,"minecraft:warped_fungus":1,"minecraft:spruce_planks":4,"minecraft:gravel":16,"minecraft:crimson_fungus":1,"minecraft:white_wool":1,"minecraft:crimson_nylium":2,"minecraft:oak_stairs":1,"minecraft:nether_wart_block":2,"minecraft:lectern":160,"minecraft:cooked_beef":10,"minecraft:flint_and_steel":2,"minecraft:bucket":48,"minecraft:chest":4,"minecraft:enchanting_table":2,"minecraft:ender_pearl":28},"minecraft:dropped":{"minecraft:rotten_flesh":0,"minecraft:andesite":0,"minecraft:leaf_litter":0,"minecraft:string":0,"minecraft:white_wool":0,"minecraft:dirt":0,"minecraft:stick":0,"minecraft:black_wool":0,"minecraft:raw_copper":0,"minecraft:wheat_seeds":0,"minecraft:lapis_lazuli":0,"minecraft:gunpowder":0,"minecraft:diamond":0,"minecraft:cooked_porkchop":0,"minecraft:emerald":0},"minecraft:killed":{"minecraft:zombified_piglin":2,"minecraft:skeleton":11,"minecraft:pig":12,"minecraft:piglin":20,"minecraft:ender_dragon":1,"minecraft:silverfish":2,"minecraft:spider":7,"minecraft:shulker":18,"minecraft:zombie":34,"minecraft:wither_skeleton":1,"minecraft:creeper":2,"minecraft:chicken":3,"minecraft:enderman":52,"minecraft:sheep":4,"minecraft:hoglin":9,"minecraft:cow":4,"minecraft:endermite":1,"minecraft:blaze":31},"minecraft:broken":{"minecraft:iron_pickaxe":1,"minecraft:stone_sword":1,"minecraft:stone_pickaxe":1,"minecraft:iron_sword":1},"minecraft:picked_up":{"minecraft:warped_fungus":2,"minecraft:iron_door":1,"minecraft:cobblestone":1652,"minecraft:flint":2,"minecraft:purpur_block":11,"minecraft:warped_roots":22,"minecraft:leather":9,"minecraft:bone":17,"minecraft:redstone":48,"minecraft:shulker_shell":10,"minecraft:iron_bars":22,"minecraft:chorus_fruit":12,"minecraft:diamond":83,"minecraft:granite":1,"minecraft:blaze_rod":16,"minecraft:emerald":4,"minecraft:crimson_roots":28,"minecraft:book":138,"minecraft:porkchop":77,"minecraft:crimson_fungus":4,"minecraft:dragon_head":1,"minecraft:black_wool":2,"minecraft:chicken":3,"minecraft:cooked_porkchop":12,"minecraft:twisting_vines":2,"minecraft:birch_boat":33,"minecraft:arrow":14,"minecraft:iron_ingot":9,"minecraft:end_stone":164,"minecraft:raw_iron":70,"minecraft:cobbled_deepslate":294,"minecraft:hay_block":14,"minecraft:raw_gold":1,"minecraft:stone_sword":1,"minecraft:mossy_stone_bricks":21,"minecraft:mutton":7,"minecraft:gunpowder":4,"minecraft:end_rod":1,"minecraft:elytra":1,"minecraft:lectern":160,"minecraft:yellow_bed":2,"minecraft:spruce_planks":32,"minecraft:netherrack":730,"minecraft:dirt":28,"minecraft:crimson_nylium":2,"minecraft:gravel":16,"minecraft:crimson_stem":2,"minecraft:torch":9,"minecraft:spruce_log":12,"minecraft:tuff":3,"minecraft:oak_stairs":1,"minecraft:leaf_litter":105,"minecraft:coal":65,"minecraft:nether_brick_fence":2,"minecraft:birch_log":13,"minecraft:furnace":3,"minecraft:wheat_seeds":6,"minecraft:lapis_lazuli":316,"minecraft:spider_eye":7,"minecraft:weeping_vines":3,"minecraft:nether_bricks":2,"minecraft:diorite":8,"minecraft:feather":5,"minecraft:white_wool":4,"minecraft:oak_planks":91,"minecraft:warped_wart_block":3,"minecraft:crafting_table":8,"minecraft:warped_nylium":8,"minecraft:snowball":125,"minecraft:raw_copper":12,"minecraft:andesite":6,"minecraft:rotten_flesh":39,"minecraft:beef":10,"minecraft:ender_pearl":69,"minecraft:string":23,"minecraft:stone_bricks":45,"minecraft:obsidian":34,"minecraft:nether_wart_block":10,"minecraft:purpur_stairs":2,"minecraft:cracked_stone_bricks":21}},"DataVersion":4325}