{"stats":{"minecraft:used":{"minecraft:stone_sword":32,"minecraft:crafting_table":3,"minecraft:iron_pickaxe":9,"minecraft:furnace":1,"minecraft:bread":3,"minecraft:stone_pickaxe":14,"minecraft:cobblestone":4},"minecraft:custom":{"minecraft:interact_with_crafting_table":7,"minecraft:talked_to_villager":1,"minecraft:time_since_rest":13068,"minecraft:walk_one_cm":15585,"minecraft:leave_game":1,"minecraft:mob_kills":13,"minecraft:damage_taken":125,"minecraft:play_time":13068,"minecraft:damage_dealt":1203,"minecraft:jump":260,"minecraft:time_since_death":13068,"minecraft:interact_with_furnace":3,"minecraft:sprint_one_cm":33886,"minecraft:fall_one_cm":14426,"minecraft:total_world_time":13068,"minecraft:fly_one_cm":54196,"minecraft:crouch_one_cm":7883,"minecraft:sneak_time":2542},"minecraft:crafted":{"minecraft:furnace":1,"minecraft:stick":4,"minecraft:iron_ingot":6,"minecraft:birch_planks":24,"minecraft:bread":42,"minecraft:stone_pickaxe":1,"minecraft:iron_pickaxe":1,"minecraft:air":0,"minecraft:crafting_table":1,"minecraft:wheat":126},"minecraft:picked_up":{"minecraft:porkchop":10,"minecraft:cobblestone":52,"minecraft:white_wool":1,"minecraft:feather":5,"minecraft:black_wool":1,"minecraft:chicken":3,"minecraft:crafting_table":2,"minecraft:beef":10,"minecraft:raw_iron":9,"minecraft:leaf_litter":8,"minecraft:coal":2,"minecraft:hay_block":14,"minecraft:stone_sword":1,"minecraft:birch_log":6,"minecraft:wheat_seeds":1,"minecraft:mutton":2,"minecraft:emerald":2},"minecraft:killed":{"minecraft:chicken":3,"minecraft:pig":4,"minecraft:sheep":2,"minecraft:cow":4},"minecraft:mined":{"minecraft:short_grass":6,"minecraft:tall_grass":1,"minecraft:emerald_ore":2,"minecraft:crafting_table":2,"minecraft:birch_log":6,"minecraft:leaf_litter":1,"minecraft:coal_ore":2,"minecraft:hay_block":14,"minecraft:iron_ore":9,"minecraft:stone":10}},"DataVersion":4325}