{"stats":{"minecraft:used":{"minecraft:stone_sword":64,"minecraft:cobbled_deepslate":42,"minecraft:shield":23,"minecraft:iron_pickaxe":193,"minecraft:white_wool":1,"minecraft:iron_sword":48,"minecraft:cobblestone":52,"minecraft:cooked_beef":3,"minecraft:crafting_table":5,"minecraft:furnace":2,"minecraft:bread":17,"minecraft:torch":12,"minecraft:stone_pickaxe":98},"minecraft:custom":{"minecraft:damage_blocked_by_shield":1972,"minecraft:interact_with_crafting_table":18,"minecraft:talked_to_villager":1,"minecraft:time_since_rest":60499,"minecraft:walk_one_cm":66220,"minecraft:leave_game":2,"minecraft:walk_under_water_one_cm":252,"minecraft:damage_taken":979,"minecraft:mob_kills":33,"minecraft:play_time":60499,"minecraft:damage_dealt":4884,"minecraft:jump":906,"minecraft:time_since_death":60499,"minecraft:drop":31,"minecraft:interact_with_furnace":22,"minecraft:sprint_one_cm":97366,"minecraft:fall_one_cm":28951,"minecraft:total_world_time":60499,"minecraft:swim_one_cm":919,"minecraft:fly_one_cm":107802,"minecraft:walk_on_water_one_cm":2232,"minecraft:crouch_one_cm":35810,"minecraft:sneak_time":13250},"minecraft:crafted":{"minecraft:furnace":1,"minecraft:diamond_boots":1,"minecraft:iron_ingot":38,"minecraft:birch_planks":24,"minecraft:diamond_helmet":1,"minecraft:stone_pickaxe":1,"minecraft:bread":42,"minecraft:iron_chestplate":1,"minecraft:iron_boots":1,"minecraft:crafting_table":1,"minecraft:diamond_leggings":1,"minecraft:torch":16,"minecraft:stick":12,"minecraft:cooked_beef":10,"minecraft:shield":1,"minecraft:iron_helmet":1,"minecraft:diamond_chestplate":1,"minecraft:iron_pickaxe":1,"minecraft:iron_sword":1,"minecraft:air":0,"minecraft:wheat":126,"minecraft:iron_leggings":1},"minecraft:dropped":{"minecraft:rotten_flesh":0,"minecraft:wheat_seeds":0,"minecraft:andesite":0,"minecraft:gunpowder":0,"minecraft:leaf_litter":0,"minecraft:string":0,"minecraft:emerald":0,"minecraft:white_wool":0,"minecraft:dirt":0,"minecraft:black_wool":0},"minecraft:picked_up":{"minecraft:dirt":2,"minecraft:cobblestone":97,"minecraft:redstone":48,"minecraft:bone":6,"minecraft:leaf_litter":16,"minecraft:coal":39,"minecraft:furnace":2,"minecraft:birch_log":6,"minecraft:diamond":31,"minecraft:wheat_seeds":1,"minecraft:lapis_lazuli":64,"minecraft:emerald":4,"minecraft:porkchop":10,"minecraft:white_wool":2,"minecraft:feather":5,"minecraft:black_wool":2,"minecraft:chicken":3,"minecraft:crafting_table":5,"minecraft:arrow":6,"minecraft:rotten_flesh":7,"minecraft:raw_iron":48,"minecraft:beef":10,"minecraft:cobbled_deepslate":113,"minecraft:andesite":1,"minecraft:hay_block":14,"minecraft:string":1,"minecraft:stone_sword":1,"minecraft:mutton":2,"minecraft:gunpowder":1},"minecraft:killed":{"minecraft:zombie":12,"minecraft:skeleton":6,"minecraft:chicken":3,"minecraft:creeper":1,"minecraft:sheep":2,"minecraft:pig":4,"minecraft:cow":4,"minecraft:spider":1},"minecraft:mined":{"minecraft:tall_grass":1,"minecraft:emerald_ore":3,"minecraft:andesite":1,"minecraft:coal_ore":25,"minecraft:hay_block":14,"minecraft:cobblestone":6,"minecraft:white_wool":1,"minecraft:short_grass":6,"minecraft:deepslate":107,"minecraft:furnace":2,"minecraft:deepslate_lapis_ore":6,"minecraft:deepslate_diamond_ore":31,"minecraft:deepslate_iron_ore":10,"minecraft:crafting_table":5,"minecraft:birch_log":6,"minecraft:leaf_litter":1,"minecraft:deepslate_redstone_ore":11,"minecraft:iron_ore":38,"minecraft:stone":47,"minecraft:lapis_ore":3}},"DataVersion":4325}