{"stats":{"minecraft:dropped":{"minecraft:rotten_flesh":0,"minecraft:andesite":0,"minecraft:leaf_litter":0,"minecraft:string":0,"minecraft:white_wool":0,"minecraft:dirt":0,"minecraft:stick":0,"minecraft:black_wool":0,"minecraft:wheat_seeds":0,"minecraft:lapis_lazuli":0,"minecraft:gunpowder":0,"minecraft:diamond":0,"minecraft:emerald":0},"minecraft:picked_up":{"minecraft:warped_fungus":2,"minecraft:cobblestone":97,"minecraft:flint":1,"minecraft:warped_roots":22,"minecraft:leather":1,"minecraft:bone":7,"minecraft:redstone":48,"minecraft:diamond":47,"minecraft:blaze_rod":16,"minecraft:emerald":4,"minecraft:crimson_roots":6,"minecraft:book":24,"minecraft:porkchop":28,"minecraft:crimson_fungus":1,"minecraft:black_wool":2,"minecraft:chicken":3,"minecraft:twisting_vines":2,"minecraft:birch_boat":32,"minecraft:arrow":8,"minecraft:iron_ingot":9,"minecraft:raw_iron":50,"minecraft:cobbled_deepslate":120,"minecraft:hay_block":14,"minecraft:stone_sword":1,"minecraft:mutton":2,"minecraft:gunpowder":1,"minecraft:yellow_bed":2,"minecraft:netherrack":195,"minecraft:dirt":3,"minecraft:crimson_nylium":2,"minecraft:gravel":11,"minecraft:leaf_litter":105,"minecraft:coal":39,"minecraft:nether_brick_fence":2,"minecraft:birch_log":13,"minecraft:furnace":2,"minecraft:wheat_seeds":1,"minecraft:lapis_lazuli":64,"minecraft:spider_eye":1,"minecraft:nether_bricks":2,"minecraft:feather":5,"minecraft:white_wool":2,"minecraft:warped_wart_block":3,"minecraft:crafting_table":7,"minecraft:warped_nylium":8,"minecraft:andesite":1,"minecraft:rotten_flesh":23,"minecraft:beef":10,"minecraft:ender_pearl":14,"minecraft:string":4,"minecraft:obsidian":18,"minecraft:nether_wart_block":6},"minecraft:custom":{"minecraft:time_since_rest":696,"minecraft:talked_to_villager":2,"minecraft:leave_game":3,"minecraft:damage_taken":3608,"minecraft:mob_kills":131,"minecraft:boat_one_cm":3595,"minecraft:time_since_death":156830,"minecraft:interact_with_furnace":47,"minecraft:sleep_in_bed":4,"minecraft:swim_one_cm":8066,"minecraft:total_world_time":156830,"minecraft:crouch_one_cm":67115,"minecraft:climb_one_cm":431,"minecraft:enchant_item":10,"minecraft:damage_blocked_by_shield":1972,"minecraft:interact_with_crafting_table":30,"minecraft:walk_one_cm":239619,"minecraft:walk_under_water_one_cm":8645,"minecraft:damage_dealt":28416,"minecraft:play_time":156830,"minecraft:jump":2647,"minecraft:drop":39,"minecraft:sprint_one_cm":294692,"minecraft:open_chest":23,"minecraft:fall_one_cm":72280,"minecraft:fly_one_cm":358725,"minecraft:walk_on_water_one_cm":15930,"minecraft:sneak_time":22687},"minecraft:broken":{"minecraft:iron_pickaxe":1,"minecraft:stone_sword":1,"minecraft:stone_pickaxe":1,"minecraft:iron_sword":1},"minecraft:killed":{"minecraft:zombified_piglin":1,"minecraft:skeleton":7,"minecraft:pig":4,"minecraft:piglin":16,"minecraft:spider":2,"minecraft:zombie":26,"minecraft:wither_skeleton":1,"minecraft:creeper":1,"minecraft:chicken":3,"minecraft:enderman":26,"minecraft:sheep":2,"minecraft:hoglin":5,"minecraft:cow":4,"minecraft:blaze":31},"minecraft:crafted":{"minecraft:diamond_boots":1,"minecraft:birch_planks":52,"minecraft:ender_eye":12,"minecraft:stone_pickaxe":1,"minecraft:cooked_mutton":2,"minecraft:iron_chestplate":1,"minecraft:iron_boots":1,"minecraft:stick":20,"minecraft:cooked_beef":10,"minecraft:cooked_porkchop":28,"minecraft:iron_helmet":1,"minecraft:diamond_pickaxe":1,"minecraft:chest":2,"minecraft:diamond_chestplate":1,"minecraft:diamond_sword":1,"minecraft:air":0,"minecraft:bow":1,"minecraft:wheat":126,"minecraft:bucket":2,"minecraft:flint_and_steel":1,"minecraft:furnace":1,"minecraft:birch_boat":1,"minecraft:iron_ingot":41,"minecraft:diamond_helmet":1,"minecraft:bread":42,"minecraft:blaze_powder":12,"minecraft:crafting_table":1,"minecraft:diamond_leggings":1,"minecraft:torch":16,"minecraft:shield":1,"minecraft:enchanting_table":1,"minecraft:iron_pickaxe":1,"minecraft:iron_sword":1,"minecraft:iron_leggings":1},"minecraft:mined":{"minecraft:nether_sprouts":1,"minecraft:sculk":40,"minecraft:warped_wart_block":5,"minecraft:warped_roots":11,"minecraft:warped_nylium":12,"minecraft:netherrack":349,"minecraft:coal_ore":25,"minecraft:cobblestone":6,"minecraft:hay_block":14,"minecraft:gravel":12,"minecraft:short_grass":10,"minecraft:weeping_vines_plant":3,"minecraft:furnace":2,"minecraft:crafting_table":7,"minecraft:birch_log":13,"minecraft:deepslate_redstone_ore":11,"minecraft:leaf_litter":33,"minecraft:sculk_vein":4,"minecraft:twisting_vines_plant":2,"minecraft:bookshelf":8,"minecraft:obsidian":18,"minecraft:crimson_nylium":12,"minecraft:crimson_roots":4,"minecraft:tall_grass":1,"minecraft:emerald_ore":3,"minecraft:nether_wart_block":8,"minecraft:twisting_vines":1,"minecraft:andesite":1,"minecraft:grass_block":1,"minecraft:cobbled_deepslate":1,"minecraft:white_wool":1,"minecraft:nether_bricks":2,"minecraft:nether_brick_fence":2,"minecraft:deepslate":108,"minecraft:yellow_bed":2,"minecraft:fire":6,"minecraft:deepslate_lapis_ore":6,"minecraft:deepslate_diamond_ore":35,"minecraft:deepslate_iron_ore":10,"minecraft:iron_ore":38,"minecraft:lapis_ore":3,"minecraft:stone":47},"minecraft:used":{"minecraft:nether_bricks":2,"minecraft:cobbled_deepslate":87,"minecraft:netherrack":52,"minecraft:yellow_bed":2,"minecraft:shield":23,"minecraft:iron_pickaxe":250,"minecraft:diamond_sword":198,"minecraft:iron_sword":245,"minecraft:birch_planks":6,"minecraft:water_bucket":29,"minecraft:diamond_pickaxe":318,"minecraft:bookshelf":20,"minecraft:furnace":3,"minecraft:cooked_porkchop":14,"minecraft:bread":41,"minecraft:torch":14,"minecraft:dirt":1,"minecraft:obsidian":14,"minecraft:stone_sword":97,"minecraft:warped_fungus":1,"minecraft:gravel":11,"minecraft:crimson_fungus":1,"minecraft:white_wool":1,"minecraft:cobblestone":63,"minecraft:crimson_nylium":2,"minecraft:nether_wart_block":2,"minecraft:cooked_beef":10,"minecraft:flint_and_steel":1,"minecraft:bucket":31,"minecraft:crafting_table":8,"minecraft:chest":2,"minecraft:birch_boat":32,"minecraft:enchanting_table":1,"minecraft:stone_pickaxe":131}},"DataVersion":4325}