{"stats":{"minecraft:custom":{"minecraft:time_since_rest":617,"minecraft:talked_to_villager":170,"minecraft:leave_game":7,"minecraft:damage_taken":5426,"minecraft:mob_kills":168,"minecraft:boat_one_cm":5619,"minecraft:time_since_death":492,"minecraft:interact_with_furnace":63,"minecraft:sleep_in_bed":4,"minecraft:swim_one_cm":21878,"minecraft:total_world_time":253607,"minecraft:crouch_one_cm":85128,"minecraft:deaths":1,"minecraft:climb_one_cm":431,"minecraft:player_kills":1,"minecraft:enchant_item":10,"minecraft:damage_blocked_by_shield":2040,"minecraft:interact_with_crafting_table":42,"minecraft:walk_one_cm":412852,"minecraft:walk_under_water_one_cm":8936,"minecraft:damage_dealt":35488,"minecraft:play_time":253607,"minecraft:jump":4451,"minecraft:drop":44,"minecraft:sprint_one_cm":458386,"minecraft:open_chest":38,"minecraft:fall_one_cm":130025,"minecraft:fly_one_cm":726949,"minecraft:walk_on_water_one_cm":18498,"minecraft:sneak_time":30923},"minecraft:mined":{"minecraft:sculk":40,"minecraft:spawner":1,"minecraft:warped_wart_block":5,"minecraft:spruce_log":12,"minecraft:warped_roots":11,"minecraft:warped_nylium":12,"minecraft:netherrack":349,"minecraft:lectern":160,"minecraft:gravel":13,"minecraft:short_grass":26,"minecraft:weeping_vines_plant":3,"minecraft:spruce_planks":2,"minecraft:crafting_table":8,"minecraft:birch_log":13,"minecraft:deepslate_redstone_ore":11,"minecraft:leaf_litter":33,"minecraft:twisting_vines_plant":2,"minecraft:obsidian":18,"minecraft:nether_wart_block":8,"minecraft:iron_door":2,"minecraft:andesite":1,"minecraft:nether_bricks":2,"minecraft:nether_brick_fence":2,"minecraft:yellow_bed":2,"minecraft:fire":6,"minecraft:deepslate_lapis_ore":6,"minecraft:deepslate_diamond_ore":35,"minecraft:deepslate_iron_ore":10,"minecraft:iron_ore":38,"minecraft:stone":112,"minecraft:nether_sprouts":1,"minecraft:stone_bricks":3,"minecraft:coal_ore":27,"minecraft:diorite":5,"minecraft:oak_planks":1,"minecraft:cobblestone":51,"minecraft:hay_block":14,"minecraft:furnace":3,"minecraft:end_stone":57,"minecraft:sculk_vein":4,"minecraft:bookshelf":8,"minecraft:crimson_nylium":12,"minecraft:crimson_roots":4,"minecraft:iron_bars":7,"minecraft:cracked_stone_bricks":1,"minecraft:tall_grass":3,"minecraft:wildflowers":1,"minecraft:emerald_ore":3,"minecraft:oak_stairs":1,"minecraft:dirt":11,"minecraft:twisting_vines":1,"minecraft:grass_block":18,"minecraft:spruce_leaves":1,"minecraft:cobbled_deepslate":8,"minecraft:white_wool":1,"minecraft:deepslate":108,"minecraft:snow":132,"minecraft:lapis_ore":3},"minecraft:crafted":{"minecraft:diamond_boots":1,"minecraft:birch_planks":52,"minecraft:ender_eye":12,"minecraft:stone_pickaxe":1,"minecraft:cooked_mutton":2,"minecraft:iron_chestplate":1,"minecraft:iron_boots":1,"minecraft:stick":24,"minecraft:cooked_beef":10,"minecraft:cooked_porkchop":62,"minecraft:iron_helmet":1,"minecraft:diamond_pickaxe":1,"minecraft:chest":4,"minecraft:diamond_chestplate":1,"minecraft:diamond_sword":1,"minecraft:air":0,"minecraft:bow":1,"minecraft:wheat":126,"minecraft:bucket":2,"minecraft:flint_and_steel":1,"minecraft:furnace":2,"minecraft:birch_boat":1,"minecraft:iron_ingot":41,"minecraft:diamond_helmet":1,"minecraft:bread":42,"minecraft:blaze_powder":12,"minecraft:crafting_table":3,"minecraft:diamond_leggings":1,"minecraft:torch":16,"minecraft:shield":1,"minecraft:spruce_planks":48,"minecraft:enchanting_table":1,"minecraft:iron_pickaxe":1,"minecraft:iron_shovel":1,"minecraft:iron_sword":1,"minecraft:iron_axe":1,"minecraft:iron_leggings":1},"minecraft:used":{"minecraft:iron_axe":117,"minecraft:nether_bricks":2,"minecraft:cobbled_deepslate":114,"minecraft:netherrack":52,"minecraft:yellow_bed":2,"minecraft:shield":24,"minecraft:end_stone":55,"minecraft:iron_pickaxe":250,"minecraft:diamond_sword":342,"minecraft:iron_sword":245,"minecraft:birch_planks":6,"minecraft:water_bucket":35,"minecraft:diamond_pickaxe":515,"minecraft:ender_eye":12,"minecraft:cooked_mutton":2,"minecraft:bookshelf":20,"minecraft:furnace":5,"minecraft:cooked_porkchop":34,"minecraft:bread":41,"minecraft:torch":15,"minecraft:dirt":1,"minecraft:obsidian":14,"minecraft:iron_shovel":153,"minecraft:stone_sword":97,"minecraft:warped_fungus":1,"minecraft:spruce_planks":4,"minecraft:gravel":11,"minecraft:crimson_fungus":1,"minecraft:white_wool":1,"minecraft:cobblestone":230,"minecraft:crimson_nylium":2,"minecraft:oak_stairs":1,"minecraft:nether_wart_block":2,"minecraft:lectern":160,"minecraft:cooked_beef":10,"minecraft:flint_and_steel":1,"minecraft:bucket":37,"minecraft:crafting_table":10,"minecraft:chest":4,"minecraft:birch_boat":33,"minecraft:snowball":61,"minecraft:enchanting_table":1,"minecraft:stone_pickaxe":131,"minecraft:ender_pearl":12,"minecraft:bow":14},"minecraft:dropped":{"minecraft:rotten_flesh":0,"minecraft:andesite":0,"minecraft:leaf_litter":0,"minecraft:string":0,"minecraft:white_wool":0,"minecraft:dirt":0,"minecraft:stick":0,"minecraft:black_wool":0,"minecraft:wheat_seeds":0,"minecraft:lapis_lazuli":0,"minecraft:gunpowder":0,"minecraft:diamond":0,"minecraft:cooked_porkchop":0,"minecraft:emerald":0},"minecraft:killed":{"minecraft:zombified_piglin":1,"minecraft:skeleton":9,"minecraft:pig":12,"minecraft:piglin":16,"minecraft:ender_dragon":1,"minecraft:spider":4,"minecraft:zombie":33,"minecraft:wither_skeleton":1,"minecraft:creeper":1,"minecraft:chicken":3,"minecraft:enderman":40,"minecraft:sheep":4,"minecraft:hoglin":5,"minecraft:cow":4,"minecraft:blaze":31},"minecraft:broken":{"minecraft:iron_pickaxe":1,"minecraft:stone_sword":1,"minecraft:stone_pickaxe":1,"minecraft:iron_sword":1},"minecraft:picked_up":{"minecraft:warped_fungus":2,"minecraft:cobblestone":249,"minecraft:flint":1,"minecraft:warped_roots":22,"minecraft:leather":1,"minecraft:bone":15,"minecraft:redstone":48,"minecraft:iron_bars":6,"minecraft:diamond":47,"minecraft:blaze_rod":16,"minecraft:emerald":4,"minecraft:crimson_roots":6,"minecraft:book":24,"minecraft:porkchop":77,"minecraft:crimson_fungus":1,"minecraft:black_wool":2,"minecraft:chicken":3,"minecraft:twisting_vines":2,"minecraft:birch_boat":33,"minecraft:arrow":14,"minecraft:iron_ingot":9,"minecraft:end_stone":55,"minecraft:raw_iron":50,"minecraft:cobbled_deepslate":127,"minecraft:hay_block":14,"minecraft:stone_sword":1,"minecraft:mutton":7,"minecraft:gunpowder":1,"minecraft:lectern":160,"minecraft:yellow_bed":2,"minecraft:spruce_planks":32,"minecraft:netherrack":195,"minecraft:dirt":28,"minecraft:crimson_nylium":2,"minecraft:gravel":11,"minecraft:torch":1,"minecraft:spruce_log":12,"minecraft:oak_stairs":1,"minecraft:leaf_litter":105,"minecraft:coal":39,"minecraft:nether_brick_fence":2,"minecraft:birch_log":13,"minecraft:furnace":3,"minecraft:wheat_seeds":6,"minecraft:lapis_lazuli":64,"minecraft:spider_eye":4,"minecraft:nether_bricks":2,"minecraft:feather":5,"minecraft:white_wool":4,"minecraft:oak_planks":1,"minecraft:warped_wart_block":3,"minecraft:crafting_table":8,"minecraft:warped_nylium":8,"minecraft:snowball":125,"minecraft:andesite":1,"minecraft:rotten_flesh":39,"minecraft:beef":10,"minecraft:ender_pearl":44,"minecraft:string":8,"minecraft:obsidian":18,"minecraft:nether_wart_block":6}},"DataVersion":4325}