{"stats":{"minecraft:used":{"minecraft:stone_sword":56,"minecraft:crafting_table":4,"minecraft:shield":4,"minecraft:iron_pickaxe":82,"minecraft:furnace":2,"minecraft:torch":4,"minecraft:stone_pickaxe":43,"minecraft:bread":11,"minecraft:cobblestone":35},"minecraft:custom":{"minecraft:interact_with_crafting_table":10,"minecraft:damage_blocked_by_shield":230,"minecraft:talked_to_villager":1,"minecraft:time_since_rest":36499,"minecraft:walk_one_cm":26649,"minecraft:leave_game":2,"minecraft:walk_under_water_one_cm":240,"minecraft:mob_kills":19,"minecraft:damage_taken":478,"minecraft:play_time":36499,"minecraft:damage_dealt":2230,"minecraft:jump":438,"minecraft:time_since_death":36499,"minecraft:interact_with_furnace":9,"minecraft:sprint_one_cm":52067,"minecraft:fall_one_cm":18991,"minecraft:total_world_time":36499,"minecraft:swim_one_cm":919,"minecraft:fly_one_cm":72255,"minecraft:walk_on_water_one_cm":651,"minecraft:crouch_one_cm":19062,"minecraft:sneak_time":6560},"minecraft:crafted":{"minecraft:furnace":1,"minecraft:iron_ingot":16,"minecraft:birch_planks":24,"minecraft:bread":42,"minecraft:stone_pickaxe":1,"minecraft:iron_chestplate":1,"minecraft:iron_boots":1,"minecraft:crafting_table":1,"minecraft:torch":16,"minecraft:stick":8,"minecraft:shield":1,"minecraft:iron_pickaxe":1,"minecraft:air":0,"minecraft:wheat":126},"minecraft:picked_up":{"minecraft:dirt":1,"minecraft:cobblestone":97,"minecraft:bone":3,"minecraft:leaf_litter":8,"minecraft:coal":25,"minecraft:furnace":1,"minecraft:birch_log":6,"minecraft:wheat_seeds":1,"minecraft:lapis_lazuli":20,"minecraft:emerald":3,"minecraft:porkchop":10,"minecraft:white_wool":1,"minecraft:feather":5,"minecraft:black_wool":1,"minecraft:chicken":3,"minecraft:crafting_table":3,"minecraft:arrow":4,"minecraft:beef":10,"minecraft:cobbled_deepslate":2,"minecraft:andesite":1,"minecraft:raw_iron":38,"minecraft:hay_block":14,"minecraft:string":1,"minecraft:stone_sword":1,"minecraft:mutton":2},"minecraft:killed":{"minecraft:zombie":1,"minecraft:skeleton":4,"minecraft:chicken":3,"minecraft:pig":4,"minecraft:sheep":2,"minecraft:cow":4,"minecraft:spider":1},"minecraft:mined":{"minecraft:tall_grass":1,"minecraft:emerald_ore":3,"minecraft:andesite":1,"minecraft:coal_ore":25,"minecraft:cobblestone":6,"minecraft:hay_block":14,"minecraft:short_grass":6,"minecraft:furnace":1,"minecraft:crafting_table":3,"minecraft:birch_log":6,"minecraft:leaf_litter":1,"minecraft:iron_ore":38,"minecraft:stone":47,"minecraft:lapis_ore":3}},"DataVersion":4325}