{"stats":{"minecraft:custom":{"minecraft:time_since_rest":30570,"minecraft:talked_to_villager":170,"minecraft:leave_game":7,"minecraft:damage_taken":5497,"minecraft:mob_kills":172,"minecraft:boat_one_cm":5619,"minecraft:time_since_death":30445,"minecraft:interact_with_furnace":69,"minecraft:sleep_in_bed":4,"minecraft:swim_one_cm":21878,"minecraft:total_world_time":283560,"minecraft:crouch_one_cm":111430,"minecraft:deaths":1,"minecraft:climb_one_cm":1053,"minecraft:player_kills":1,"minecraft:enchant_item":10,"minecraft:damage_blocked_by_shield":2040,"minecraft:interact_with_crafting_table":53,"minecraft:walk_one_cm":452882,"minecraft:walk_under_water_one_cm":8952,"minecraft:damage_dealt":36008,"minecraft:play_time":283560,"minecraft:jump":4540,"minecraft:drop":44,"minecraft:sprint_one_cm":510385,"minecraft:open_chest":53,"minecraft:fall_one_cm":131500,"minecraft:fly_one_cm":734865,"minecraft:walk_on_water_one_cm":18891,"minecraft:sneak_time":41840},"minecraft:mined":{"minecraft:sculk":40,"minecraft:spawner":1,"minecraft:warped_wart_block":5,"minecraft:spruce_log":12,"minecraft:warped_roots":11,"minecraft:warped_nylium":12,"minecraft:netherrack":349,"minecraft:lectern":160,"minecraft:gravel":13,"minecraft:short_grass":26,"minecraft:weeping_vines_plant":3,"minecraft:infested_stone_bricks":1,"minecraft:spruce_planks":2,"minecraft:crafting_table":8,"minecraft:birch_log":13,"minecraft:deepslate_redstone_ore":11,"minecraft:leaf_litter":33,"minecraft:twisting_vines_plant":2,"minecraft:obsidian":22,"minecraft:nether_wart_block":8,"minecraft:iron_door":3,"minecraft:andesite":4,"minecraft:deepslate_gold_ore":1,"minecraft:nether_bricks":2,"minecraft:wall_torch":1,"minecraft:nether_brick_fence":2,"minecraft:yellow_bed":2,"minecraft:fire":6,"minecraft:deepslate_lapis_ore":6,"minecraft:deepslate_diamond_ore":71,"minecraft:deepslate_iron_ore":25,"minecraft:iron_ore":43,"minecraft:stone":122,"minecraft:nether_sprouts":1,"minecraft:stone_bricks":13,"minecraft:coal_ore":27,"minecraft:diorite":9,"minecraft:oak_planks":93,"minecraft:cobblestone":53,"minecraft:hay_block":14,"minecraft:furnace":3,"minecraft:end_stone":57,"minecraft:sculk_vein":4,"minecraft:bookshelf":42,"minecraft:crimson_nylium":12,"minecraft:crimson_roots":4,"minecraft:iron_bars":11,"minecraft:cracked_stone_bricks":6,"minecraft:tall_grass":3,"minecraft:wildflowers":1,"minecraft:mossy_stone_bricks":8,"minecraft:emerald_ore":3,"minecraft:oak_stairs":1,"minecraft:dirt":11,"minecraft:twisting_vines":1,"minecraft:grass_block":18,"minecraft:cobweb":6,"minecraft:spruce_leaves":1,"minecraft:cobbled_deepslate":8,"minecraft:white_wool":1,"minecraft:tuff":3,"minecraft:deepslate":252,"minecraft:snow":132,"minecraft:lapis_ore":3},"minecraft:crafted":{"minecraft:diamond_boots":2,"minecraft:birch_planks":52,"minecraft:ender_eye":12,"minecraft:stone_pickaxe":2,"minecraft:cooked_mutton":2,"minecraft:iron_chestplate":1,"minecraft:iron_boots":1,"minecraft:stick":36,"minecraft:wooden_pickaxe":1,"minecraft:cooked_beef":10,"minecraft:cooked_porkchop":62,"minecraft:iron_helmet":1,"minecraft:diamond_pickaxe":2,"minecraft:chest":4,"minecraft:bookshelf":16,"minecraft:diamond_chestplate":2,"minecraft:diamond_sword":2,"minecraft:air":0,"minecraft:bow":1,"minecraft:wheat":126,"minecraft:bucket":2,"minecraft:flint_and_steel":1,"minecraft:furnace":2,"minecraft:birch_boat":1,"minecraft:iron_ingot":51,"minecraft:diamond_helmet":2,"minecraft:bread":42,"minecraft:blaze_powder":12,"minecraft:crafting_table":3,"minecraft:diamond_leggings":2,"minecraft:torch":16,"minecraft:shield":1,"minecraft:spruce_planks":48,"minecraft:enchanting_table":2,"minecraft:iron_pickaxe":2,"minecraft:iron_shovel":1,"minecraft:iron_sword":1,"minecraft:iron_axe":1,"minecraft:iron_leggings":1},"minecraft:used":{"minecraft:iron_axe":244,"minecraft:nether_bricks":2,"minecraft:cobbled_deepslate":146,"minecraft:netherrack":52,"minecraft:yellow_bed":2,"minecraft:shield":24,"minecraft:end_stone":55,"minecraft:iron_pickaxe":440,"minecraft:diamond_sword":354,"minecraft:iron_sword":245,"minecraft:birch_planks":6,"minecraft:water_bucket":36,"minecraft:diamond_pickaxe":545,"minecraft:ender_eye":12,"minecraft:cooked_mutton":2,"minecraft:bookshelf":45,"minecraft:furnace":5,"minecraft:cooked_porkchop":34,"minecraft:bread":41,"minecraft:torch":18,"minecraft:dirt":1,"minecraft:mossy_stone_bricks":1,"minecraft:obsidian":14,"minecraft:iron_shovel":153,"minecraft:stone_sword":97,"minecraft:warped_fungus":1,"minecraft:spruce_planks":4,"minecraft:diorite":3,"minecraft:wooden_pickaxe":3,"minecraft:gravel":11,"minecraft:crimson_fungus":1,"minecraft:white_wool":1,"minecraft:cobblestone":230,"minecraft:crimson_nylium":2,"minecraft:oak_stairs":1,"minecraft:nether_wart_block":2,"minecraft:lectern":160,"minecraft:cooked_beef":10,"minecraft:flint_and_steel":1,"minecraft:bucket":38,"minecraft:crafting_table":10,"minecraft:chest":4,"minecraft:birch_boat":33,"minecraft:snowball":61,"minecraft:enchanting_table":2,"minecraft:stone_pickaxe":168,"minecraft:ender_pearl":12,"minecraft:bow":14},"minecraft:dropped":{"minecraft:rotten_flesh":0,"minecraft:andesite":0,"minecraft:leaf_litter":0,"minecraft:string":0,"minecraft:white_wool":0,"minecraft:dirt":0,"minecraft:stick":0,"minecraft:black_wool":0,"minecraft:wheat_seeds":0,"minecraft:lapis_lazuli":0,"minecraft:gunpowder":0,"minecraft:diamond":0,"minecraft:cooked_porkchop":0,"minecraft:emerald":0},"minecraft:killed":{"minecraft:zombified_piglin":1,"minecraft:skeleton":10,"minecraft:pig":12,"minecraft:piglin":16,"minecraft:ender_dragon":1,"minecraft:silverfish":2,"minecraft:spider":5,"minecraft:zombie":33,"minecraft:wither_skeleton":1,"minecraft:creeper":1,"minecraft:chicken":3,"minecraft:enderman":40,"minecraft:sheep":4,"minecraft:hoglin":5,"minecraft:cow":4,"minecraft:blaze":31},"minecraft:broken":{"minecraft:iron_pickaxe":1,"minecraft:stone_sword":1,"minecraft:stone_pickaxe":1,"minecraft:iron_sword":1},"minecraft:picked_up":{"minecraft:warped_fungus":2,"minecraft:iron_door":1,"minecraft:cobblestone":261,"minecraft:flint":1,"minecraft:warped_roots":22,"minecraft:leather":1,"minecraft:bone":17,"minecraft:redstone":48,"minecraft:iron_bars":10,"minecraft:diamond":83,"minecraft:blaze_rod":16,"minecraft:emerald":4,"minecraft:crimson_roots":6,"minecraft:book":138,"minecraft:porkchop":77,"minecraft:crimson_fungus":1,"minecraft:black_wool":2,"minecraft:chicken":3,"minecraft:twisting_vines":2,"minecraft:birch_boat":33,"minecraft:arrow":14,"minecraft:iron_ingot":9,"minecraft:end_stone":55,"minecraft:raw_iron":70,"minecraft:cobbled_deepslate":271,"minecraft:hay_block":14,"minecraft:raw_gold":1,"minecraft:stone_sword":1,"minecraft:mossy_stone_bricks":8,"minecraft:mutton":7,"minecraft:gunpowder":1,"minecraft:lectern":160,"minecraft:yellow_bed":2,"minecraft:spruce_planks":32,"minecraft:netherrack":195,"minecraft:dirt":28,"minecraft:crimson_nylium":2,"minecraft:gravel":11,"minecraft:torch":9,"minecraft:spruce_log":12,"minecraft:tuff":3,"minecraft:oak_stairs":1,"minecraft:leaf_litter":105,"minecraft:coal":39,"minecraft:nether_brick_fence":2,"minecraft:birch_log":13,"minecraft:furnace":3,"minecraft:wheat_seeds":6,"minecraft:lapis_lazuli":64,"minecraft:spider_eye":4,"minecraft:nether_bricks":2,"minecraft:diorite":4,"minecraft:feather":5,"minecraft:white_wool":4,"minecraft:oak_planks":91,"minecraft:warped_wart_block":3,"minecraft:crafting_table":8,"minecraft:warped_nylium":8,"minecraft:snowball":125,"minecraft:andesite":4,"minecraft:rotten_flesh":39,"minecraft:beef":10,"minecraft:ender_pearl":44,"minecraft:string":15,"minecraft:stone_bricks":10,"minecraft:obsidian":22,"minecraft:nether_wart_block":6,"minecraft:cracked_stone_bricks":5}},"DataVersion":4325}