{"stats":{"minecraft:used":{"minecraft:nether_bricks":2,"minecraft:cobbled_deepslate":42,"minecraft:netherrack":52,"minecraft:yellow_bed":2,"minecraft:shield":23,"minecraft:iron_pickaxe":250,"minecraft:diamond_sword":7,"minecraft:iron_sword":245,"minecraft:birch_planks":6,"minecraft:water_bucket":29,"minecraft:diamond_pickaxe":256,"minecraft:furnace":3,"minecraft:cooked_porkchop":1,"minecraft:bread":41,"minecraft:torch":14,"minecraft:dirt":1,"minecraft:obsidian":14,"minecraft:stone_sword":97,"minecraft:gravel":11,"minecraft:white_wool":1,"minecraft:cobblestone":63,"minecraft:cooked_beef":10,"minecraft:nether_wart_block":2,"minecraft:flint_and_steel":1,"minecraft:bucket":30,"minecraft:crafting_table":8,"minecraft:chest":2,"minecraft:stone_pickaxe":131},"minecraft:custom":{"minecraft:talked_to_villager":1,"minecraft:time_since_rest":4422,"minecraft:leave_game":2,"minecraft:damage_taken":2669,"minecraft:mob_kills":81,"minecraft:time_since_death":114499,"minecraft:interact_with_furnace":34,"minecraft:sleep_in_bed":2,"minecraft:total_world_time":114499,"minecraft:swim_one_cm":8066,"minecraft:crouch_one_cm":59524,"minecraft:climb_one_cm":182,"minecraft:damage_blocked_by_shield":1972,"minecraft:interact_with_crafting_table":24,"minecraft:walk_one_cm":159746,"minecraft:walk_under_water_one_cm":8645,"minecraft:play_time":114499,"minecraft:damage_dealt":15117,"minecraft:jump":1845,"minecraft:drop":33,"minecraft:sprint_one_cm":213447,"minecraft:open_chest":7,"minecraft:fall_one_cm":48014,"minecraft:fly_one_cm":248112,"minecraft:walk_on_water_one_cm":15930,"minecraft:sneak_time":20624},"minecraft:crafted":{"minecraft:diamond_boots":1,"minecraft:birch_planks":52,"minecraft:stone_pickaxe":1,"minecraft:iron_chestplate":1,"minecraft:iron_boots":1,"minecraft:stick":16,"minecraft:cooked_beef":10,"minecraft:cooked_porkchop":21,"minecraft:iron_helmet":1,"minecraft:chest":2,"minecraft:diamond_pickaxe":1,"minecraft:diamond_chestplate":1,"minecraft:diamond_sword":1,"minecraft:air":0,"minecraft:wheat":126,"minecraft:flint_and_steel":1,"minecraft:bucket":1,"minecraft:furnace":1,"minecraft:birch_boat":1,"minecraft:iron_ingot":38,"minecraft:diamond_helmet":1,"minecraft:bread":42,"minecraft:crafting_table":1,"minecraft:diamond_leggings":1,"minecraft:torch":16,"minecraft:shield":1,"minecraft:iron_pickaxe":1,"minecraft:iron_sword":1,"minecraft:iron_leggings":1},"minecraft:dropped":{"minecraft:rotten_flesh":0,"minecraft:wheat_seeds":0,"minecraft:andesite":0,"minecraft:gunpowder":0,"minecraft:leaf_litter":0,"minecraft:string":0,"minecraft:emerald":0,"minecraft:white_wool":0,"minecraft:dirt":0,"minecraft:stick":0,"minecraft:black_wool":0},"minecraft:picked_up":{"minecraft:yellow_bed":2,"minecraft:netherrack":139,"minecraft:dirt":3,"minecraft:cobblestone":97,"minecraft:flint":1,"minecraft:gravel":11,"minecraft:redstone":48,"minecraft:bone":6,"minecraft:leaf_litter":32,"minecraft:coal":39,"minecraft:nether_brick_fence":2,"minecraft:furnace":2,"minecraft:birch_log":13,"minecraft:diamond":35,"minecraft:wheat_seeds":1,"minecraft:blaze_rod":16,"minecraft:lapis_lazuli":64,"minecraft:emerald":4,"minecraft:nether_bricks":2,"minecraft:porkchop":21,"minecraft:white_wool":2,"minecraft:feather":5,"minecraft:black_wool":2,"minecraft:chicken":3,"minecraft:crafting_table":7,"minecraft:arrow":6,"minecraft:rotten_flesh":16,"minecraft:raw_iron":50,"minecraft:beef":10,"minecraft:cobbled_deepslate":119,"minecraft:andesite":1,"minecraft:ender_pearl":1,"minecraft:hay_block":14,"minecraft:string":1,"minecraft:stone_sword":1,"minecraft:obsidian":18,"minecraft:nether_wart_block":2,"minecraft:mutton":2,"minecraft:gunpowder":1},"minecraft:killed":{"minecraft:zombified_piglin":1,"minecraft:skeleton":6,"minecraft:pig":4,"minecraft:piglin":7,"minecraft:spider":1,"minecraft:zombie":16,"minecraft:wither_skeleton":1,"minecraft:chicken":3,"minecraft:creeper":1,"minecraft:enderman":1,"minecraft:sheep":2,"minecraft:hoglin":3,"minecraft:cow":4,"minecraft:blaze":31},"minecraft:broken":{"minecraft:iron_pickaxe":1,"minecraft:stone_sword":1,"minecraft:stone_pickaxe":1,"minecraft:iron_sword":1},"minecraft:mined":{"minecraft:sculk":40,"minecraft:netherrack":310,"minecraft:coal_ore":25,"minecraft:hay_block":14,"minecraft:cobblestone":6,"minecraft:gravel":12,"minecraft:weeping_vines_plant":3,"minecraft:short_grass":9,"minecraft:furnace":2,"minecraft:crafting_table":7,"minecraft:birch_log":13,"minecraft:leaf_litter":2,"minecraft:sculk_vein":4,"minecraft:deepslate_redstone_ore":11,"minecraft:obsidian":18,"minecraft:crimson_nylium":3,"minecraft:tall_grass":1,"minecraft:emerald_ore":3,"minecraft:nether_wart_block":4,"minecraft:andesite":1,"minecraft:grass_block":1,"minecraft:white_wool":1,"minecraft:nether_bricks":2,"minecraft:nether_brick_fence":2,"minecraft:deepslate":108,"minecraft:yellow_bed":2,"minecraft:fire":6,"minecraft:deepslate_lapis_ore":6,"minecraft:deepslate_diamond_ore":35,"minecraft:deepslate_iron_ore":10,"minecraft:iron_ore":38,"minecraft:stone":47,"minecraft:lapis_ore":3}},"DataVersion":4325}