{"stats":{"minecraft:used":{"minecraft:stone_sword":32,"minecraft:crafting_table":3,"minecraft:iron_pickaxe":13,"minecraft:furnace":1,"minecraft:stone_pickaxe":14,"minecraft:bread":3,"minecraft:cobblestone":4},"minecraft:custom":{"minecraft:interact_with_crafting_table":8,"minecraft:talked_to_villager":1,"minecraft:time_since_rest":24499,"minecraft:walk_one_cm":16097,"minecraft:leave_game":2,"minecraft:mob_kills":13,"minecraft:damage_taken":125,"minecraft:play_time":24499,"minecraft:damage_dealt":1203,"minecraft:jump":264,"minecraft:time_since_death":24499,"minecraft:interact_with_furnace":4,"minecraft:sprint_one_cm":34910,"minecraft:fall_one_cm":14651,"minecraft:total_world_time":24499,"minecraft:fly_one_cm":55007,"minecraft:crouch_one_cm":8139,"minecraft:sneak_time":2683},"minecraft:crafted":{"minecraft:furnace":1,"minecraft:stick":4,"minecraft:iron_ingot":9,"minecraft:shield":1,"minecraft:birch_planks":24,"minecraft:bread":42,"minecraft:stone_pickaxe":1,"minecraft:iron_pickaxe":1,"minecraft:air":0,"minecraft:crafting_table":1,"minecraft:wheat":126},"minecraft:picked_up":{"minecraft:porkchop":10,"minecraft:cobblestone":54,"minecraft:white_wool":1,"minecraft:feather":5,"minecraft:black_wool":1,"minecraft:chicken":3,"minecraft:crafting_table":3,"minecraft:beef":10,"minecraft:raw_iron":9,"minecraft:leaf_litter":8,"minecraft:coal":2,"minecraft:hay_block":14,"minecraft:stone_sword":1,"minecraft:furnace":1,"minecraft:birch_log":6,"minecraft:wheat_seeds":1,"minecraft:mutton":2,"minecraft:emerald":2},"minecraft:killed":{"minecraft:chicken":3,"minecraft:pig":4,"minecraft:sheep":2,"minecraft:cow":4},"minecraft:mined":{"minecraft:short_grass":6,"minecraft:tall_grass":1,"minecraft:emerald_ore":2,"minecraft:furnace":1,"minecraft:crafting_table":3,"minecraft:birch_log":6,"minecraft:leaf_litter":1,"minecraft:coal_ore":2,"minecraft:cobblestone":2,"minecraft:hay_block":14,"minecraft:iron_ore":9,"minecraft:stone":10}},"DataVersion":4325}