{"stats":{"minecraft:custom":{"minecraft:interact_with_crafting_table":83,"minecraft:leave_game":22,"minecraft:time_since_death":234499,"minecraft:sprint_one_cm":1372028,"minecraft:damage_blocked_by_shield":1379,"minecraft:drop":162,"minecraft:talked_to_villager":15,"minecraft:play_time":739334,"minecraft:deaths":2,"minecraft:jump":12321,"minecraft:walk_on_water_one_cm":101431,"minecraft:enchant_item":8,"minecraft:interact_with_furnace":97,"minecraft:sleep_in_bed":27,"minecraft:damage_dealt":37809,"minecraft:player_kills":1,"minecraft:crouch_one_cm":183008,"minecraft:mob_kills":800,"minecraft:interact_with_anvil":1,"minecraft:climb_one_cm":2285,"minecraft:walk_one_cm":1111216,"minecraft:sneak_time":62380,"minecraft:walk_under_water_one_cm":54301,"minecraft:boat_one_cm":149825,"minecraft:total_world_time":739334,"minecraft:time_since_rest":10044,"minecraft:damage_taken":6775,"minecraft:swim_one_cm":163459,"minecraft:fly_one_cm":2131442,"minecraft:open_chest":162,"minecraft:fall_one_cm":278446},"minecraft:killed":{"minecraft:witch":1,"minecraft:spider":5,"minecraft:skeleton":581,"minecraft:chicken":5,"minecraft:piglin_brute":3,"minecraft:piglin":15,"minecraft:pig":16,"minecraft:zombie_villager":1,"minecraft:creeper":4,"minecraft:sheep":33,"minecraft:zombie":31,"minecraft:ghast":1,"minecraft:blaze":45,"minecraft:cow":39,"minecraft:hoglin":5,"minecraft:villager":1,"minecraft:enderman":4},"minecraft:used":{"minecraft:iron_shovel":35,"minecraft:oak_sign":3,"minecraft:chest":5,"minecraft:shield":45,"minecraft:iron_sword":451,"minecraft:rotten_flesh":5,"minecraft:soul_sand":1,"minecraft:mutton":5,"minecraft:nether_bricks":15,"minecraft:carrot":45,"minecraft:tuff":4,"minecraft:obsidian":16,"minecraft:bow":24,"minecraft:furnace":6,"minecraft:golden_boots":1,"minecraft:powered_rail":3,"minecraft:stone_pickaxe":155,"minecraft:oak_planks":1,"minecraft:wooden_pickaxe":21,"minecraft:blue_bed":1,"minecraft:sugar_cane":12,"minecraft:white_wool":1,"minecraft:golden_hoe":17,"minecraft:sand":1,"minecraft:redstone_torch":3,"minecraft:bread":18,"minecraft:gravel":16,"minecraft:diamond_sword":434,"minecraft:andesite":9,"minecraft:bone_meal":116,"minecraft:golden_pickaxe":32,"minecraft:enchanting_table":1,"minecraft:stone_sword":9,"minecraft:flint_and_steel":1,"minecraft:light_gray_carpet":1,"minecraft:spruce_planks":1,"minecraft:netherrack":377,"minecraft:oak_door":1,"minecraft:torch":224,"minecraft:dirt":107,"minecraft:anvil":1,"minecraft:white_carpet":8,"minecraft:cobblestone_wall":2,"minecraft:granite":6,"minecraft:bookshelf":20,"minecraft:iron_axe":94,"minecraft:crimson_planks":23,"minecraft:light_gray_wool":2,"minecraft:minecart":8,"minecraft:cooked_beef":61,"minecraft:cobbled_deepslate":468,"minecraft:iron_leggings":1,"minecraft:cooked_mutton":20,"minecraft:water_bucket":52,"minecraft:cobblestone_stairs":1,"minecraft:polished_blackstone_bricks":24,"minecraft:rail":248,"minecraft:crafting_table":10,"minecraft:red_bed":13,"minecraft:white_bed":20,"minecraft:diamond_pickaxe":3457,"minecraft:cracked_polished_blackstone_bricks":8,"minecraft:iron_pickaxe":493,"minecraft:stone_axe":6,"minecraft:cobblestone":363,"minecraft:cooked_porkchop":22,"minecraft:bucket":52,"minecraft:yellow_bed":1,"minecraft:kelp":25},"minecraft:crafted":{"minecraft:oak_planks":192,"minecraft:oak_sign":3,"minecraft:bookshelf":13,"minecraft:cooked_mutton":4,"minecraft:diamond_helmet":2,"minecraft:diamond_leggings":2,"minecraft:bow":3,"minecraft:chest":3,"minecraft:rail":128,"minecraft:cooked_porkchop":28,"minecraft:crafting_table":4,"minecraft:spruce_planks":24,"minecraft:baked_potato":8,"minecraft:wooden_pickaxe":1,"minecraft:book":22,"minecraft:paper":75,"minecraft:diamond_pickaxe":3,"minecraft:shield":1,"minecraft:stick":136,"minecraft:iron_ingot":137,"minecraft:iron_pickaxe":2,"minecraft:stone_sword":1,"minecraft:gold_ingot":18,"minecraft:redstone_torch":1,"minecraft:furnace":2,"minecraft:bone_meal":192,"minecraft:oak_trapdoor":4,"minecraft:flint_and_steel":1,"minecraft:iron_axe":2,"minecraft:stone_pickaxe":2,"minecraft:cobblestone_wall":6,"minecraft:diamond_boots":2,"minecraft:wheat":81,"minecraft:cooked_beef":76,"minecraft:crimson_planks":24,"minecraft:diamond_sword":2,"minecraft:enchanting_table":1,"minecraft:iron_sword":2,"minecraft:bucket":2,"minecraft:bread":27,"minecraft:air":0,"minecraft:oak_boat":1,"minecraft:iron_shovel":1,"minecraft:iron_leggings":1,"minecraft:white_bed":2,"minecraft:torch":224,"minecraft:diamond_chestplate":2},"minecraft:dropped":{"minecraft:soul_sand":20,"minecraft:lapis_lazuli":31,"minecraft:warped_fungus":1,"minecraft:cooked_beef":4,"minecraft:cooked_porkchop":2,"minecraft:flint":2,"minecraft:dirt":23,"minecraft:gold_nugget":96,"minecraft:sand":11,"minecraft:white_wool":8,"minecraft:gravel":27,"minecraft:stone_axe":1,"minecraft:sugar_cane":10,"minecraft:cobbled_deepslate":748,"minecraft:pointed_dripstone":1,"minecraft:rotten_flesh":44,"minecraft:oak_planks":2,"minecraft:gunpowder":2,"minecraft:beetroot_seeds":2,"minecraft:arrow":8,"minecraft:quartz":4,"minecraft:netherrack":457,"minecraft:crimson_planks":1,"minecraft:bread":9,"minecraft:wheat_seeds":3,"minecraft:dripstone_block":13,"minecraft:feather":1,"minecraft:cobblestone":210,"minecraft:spectral_arrow":1,"minecraft:granite":5,"minecraft:grass_block":1,"minecraft:diorite":17,"minecraft:torch":49,"minecraft:string":9,"minecraft:bucket":1,"minecraft:redstone":4,"minecraft:sweet_berries":24,"minecraft:oak_trapdoor":4,"minecraft:cobblestone_wall":4,"minecraft:raw_copper":20,"minecraft:tuff":44,"minecraft:raw_iron":1,"minecraft:shield":1,"minecraft:spruce_planks":1,"minecraft:andesite":1,"minecraft:spider_eye":3,"minecraft:bow":46,"minecraft:wooden_pickaxe":1},"minecraft:broken":{"minecraft:stone_pickaxe":2,"minecraft:diamond_pickaxe":1,"minecraft:iron_sword":2,"minecraft:iron_pickaxe":1,"minecraft:golden_pickaxe":1},"minecraft:picked_up":{"minecraft:wheat":8,"minecraft:nether_brick_fence":27,"minecraft:potion":1,"minecraft:string":13,"minecraft:raw_copper":27,"minecraft:gold_nugget":167,"minecraft:cobbled_deepslate":1210,"minecraft:bucket":1,"minecraft:spruce_planks":9,"minecraft:redstone_torch":3,"minecraft:cobblestone_slab":1,"minecraft:furnace":6,"minecraft:stick":5,"minecraft:oak_fence":1,"minecraft:torch":94,"minecraft:porkchop":37,"minecraft:pointed_dripstone":4,"minecraft:diorite":54,"minecraft:golden_chestplate":1,"minecraft:stone_sword":1,"minecraft:rotten_flesh":77,"minecraft:blaze_rod":47,"minecraft:obsidian":21,"minecraft:snowball":3,"minecraft:cobblestone":825,"minecraft:feather":4,"minecraft:water_bucket":1,"minecraft:andesite":19,"minecraft:brown_wool":1,"minecraft:potato":17,"minecraft:flint":4,"minecraft:tuff":48,"minecraft:lapis_lazuli":121,"minecraft:dirt":184,"minecraft:bone":953,"minecraft:bow":61,"minecraft:wheat_seeds":40,"minecraft:raw_gold":5,"minecraft:powered_rail":3,"minecraft:oak_planks":12,"minecraft:cooked_porkchop":3,"minecraft:sand":64,"minecraft:grass_block":1,"minecraft:spectral_arrow":2,"minecraft:mossy_cobblestone":2,"minecraft:sugar":4,"minecraft:diamond":66,"minecraft:cracked_polished_blackstone_bricks":9,"minecraft:granite":68,"minecraft:oak_sapling":2,"minecraft:light_gray_carpet":4,"minecraft:netherrack":995,"minecraft:crimson_roots":4,"minecraft:crafting_table":8,"minecraft:chicken":5,"minecraft:nether_wart":20,"minecraft:wooden_pickaxe":2,"minecraft:shield":1,"minecraft:red_bed":13,"minecraft:white_carpet":21,"minecraft:beef":82,"minecraft:light_gray_wool":2,"minecraft:minecart":10,"minecraft:sugar_cane":99,"minecraft:chest":2,"minecraft:raw_iron":340,"minecraft:oak_door":1,"minecraft:polished_blackstone_bricks":25,"minecraft:carrot":72,"minecraft:redstone":45,"minecraft:weeping_vines":5,"minecraft:arrow":908,"minecraft:beetroot_seeds":2,"minecraft:nether_bricks":18,"minecraft:hay_block":17,"minecraft:mutton":21,"minecraft:white_wool":28,"minecraft:rail":121,"minecraft:crimson_stem":6,"minecraft:leather":44,"minecraft:oak_log":55,"minecraft:ancient_debris":1,"minecraft:gunpowder":12,"minecraft:yellow_bed":1,"minecraft:cobblestone_wall":4,"minecraft:cobblestone_stairs":1,"minecraft:blue_bed":1,"minecraft:cooked_mutton":54,"minecraft:kelp":153,"minecraft:iron_ingot":9,"minecraft:stone_pickaxe":2,"minecraft:soul_sand":20,"minecraft:iron_sword":1,"minecraft:music_disc_chirp":1,"minecraft:book":21,"minecraft:warped_fungus":1,"minecraft:sweet_berries":24,"minecraft:quartz":30,"minecraft:dandelion":2,"minecraft:dripstone_block":17,"minecraft:gravel":44,"minecraft:white_bed":20,"minecraft:spruce_log":6,"minecraft:spruce_door":1,"minecraft:spider_eye":4,"minecraft:stone_axe":2,"minecraft:gray_wool":1,"minecraft:black_wool":3,"minecraft:coal":297,"minecraft:ender_pearl":3},"minecraft:killed_by":{"minecraft:zombie":1},"minecraft:mined":{"minecraft:white_bed":19,"minecraft:cobblestone_stairs":1,"minecraft:obsidian":21,"minecraft:granite":90,"minecraft:grass_block":79,"minecraft:cracked_polished_blackstone_bricks":9,"minecraft:nether_wart":20,"minecraft:gilded_blackstone":1,"minecraft:spawner":1,"minecraft:weeping_vines_plant":4,"minecraft:polished_blackstone_bricks":25,"minecraft:tall_seagrass":11,"minecraft:iron_ore":180,"minecraft:fire":15,"minecraft:cobbled_deepslate":124,"minecraft:deepslate_lapis_ore":13,"minecraft:pointed_dripstone":2,"minecraft:dirt_path":6,"minecraft:deepslate_redstone_ore":7,"minecraft:red_bed":14,"minecraft:kelp_plant":20,"minecraft:crimson_nylium":23,"minecraft:powder_snow":90,"minecraft:torch":10,"minecraft:chest":2,"minecraft:nether_quartz_ore":14,"minecraft:cobblestone":198,"minecraft:sugar_cane":51,"minecraft:oak_planks":11,"minecraft:wall_torch":14,"minecraft:seagrass":8,"minecraft:powered_rail":3,"minecraft:wheat":13,"minecraft:light_gray_wool":2,"minecraft:oak_log":54,"minecraft:sand":53,"minecraft:dirt":64,"minecraft:ancient_debris":1,"minecraft:netherrack":1186,"minecraft:oak_leaves":21,"minecraft:deepslate":915,"minecraft:nether_gold_ore":15,"minecraft:tuff":71,"minecraft:mossy_cobblestone":47,"minecraft:deepslate_diamond_ore":66,"minecraft:oak_door":1,"minecraft:glow_lichen":1,"minecraft:nether_bricks":23,"minecraft:crimson_roots":4,"minecraft:weeping_vines":2,"minecraft:spruce_leaves":16,"minecraft:kelp":2,"minecraft:crimson_stem":6,"minecraft:large_fern":5,"minecraft:hay_block":17,"minecraft:furnace":6,"minecraft:carrots":21,"minecraft:andesite":19,"minecraft:nether_brick_fence":27,"minecraft:bookshelf":4,"minecraft:potatoes":6,"minecraft:cobblestone_slab":1,"minecraft:deepslate_iron_ore":17,"minecraft:rail":96,"minecraft:stone":616,"minecraft:white_wool":1,"minecraft:light_gray_carpet":4,"minecraft:soul_sand":20,"minecraft:spruce_door":1,"minecraft:dandelion":2,"minecraft:oak_fence":1,"minecraft:crafting_table":7,"minecraft:short_grass":34,"minecraft:copper_ore":5,"minecraft:tall_grass":30,"minecraft:deepslate_gold_ore":5,"minecraft:sculk":61,"minecraft:diorite":83,"minecraft:blue_bed":1,"minecraft:redstone_torch":2,"minecraft:sweet_berry_bush":10,"minecraft:ice":3,"minecraft:white_carpet":12,"minecraft:spruce_log":6,"minecraft:yellow_bed":1,"minecraft:coal_ore":144,"minecraft:gravel":28,"minecraft:dripstone_block":15,"minecraft:fern":3}},"DataVersion":3953}