{"stats":{"minecraft:killed_by":{"minecraft:zombie":1},"minecraft:picked_up":{"minecraft:wheat":8,"minecraft:nether_brick_fence":27,"minecraft:potion":1,"minecraft:string":35,"minecraft:raw_copper":27,"minecraft:gold_nugget":167,"minecraft:cobbled_deepslate":1426,"minecraft:bucket":1,"minecraft:spruce_planks":9,"minecraft:redstone_torch":6,"minecraft:cobblestone_slab":1,"minecraft:furnace":6,"minecraft:stick":5,"minecraft:oak_fence":1,"minecraft:torch":96,"minecraft:porkchop":37,"minecraft:pointed_dripstone":5,"minecraft:diorite":54,"minecraft:golden_chestplate":1,"minecraft:stone_sword":1,"minecraft:rotten_flesh":110,"minecraft:blaze_rod":47,"minecraft:obsidian":21,"minecraft:snowball":3,"minecraft:cobblestone":869,"minecraft:feather":4,"minecraft:water_bucket":1,"minecraft:andesite":19,"minecraft:brown_wool":1,"minecraft:potato":17,"minecraft:flint":4,"minecraft:tuff":56,"minecraft:lapis_lazuli":269,"minecraft:dirt":192,"minecraft:bone":1330,"minecraft:bow":68,"minecraft:wheat_seeds":41,"minecraft:raw_gold":5,"minecraft:diamond_helmet":1,"minecraft:powered_rail":3,"minecraft:oak_planks":14,"minecraft:cooked_porkchop":3,"minecraft:sand":64,"minecraft:grass_block":1,"minecraft:spectral_arrow":2,"minecraft:mossy_cobblestone":2,"minecraft:dispenser":5,"minecraft:sugar":4,"minecraft:diamond":130,"minecraft:lever":1,"minecraft:cracked_polished_blackstone_bricks":9,"minecraft:granite":68,"minecraft:oak_sapling":2,"minecraft:light_gray_carpet":4,"minecraft:netherrack":995,"minecraft:crimson_roots":4,"minecraft:crafting_table":8,"minecraft:chicken":5,"minecraft:nether_wart":20,"minecraft:wooden_pickaxe":2,"minecraft:shield":2,"minecraft:red_bed":13,"minecraft:white_carpet":21,"minecraft:beef":82,"minecraft:light_gray_wool":2,"minecraft:minecart":10,"minecraft:sugar_cane":99,"minecraft:chest":2,"minecraft:piston":1,"minecraft:raw_iron":347,"minecraft:oak_door":1,"minecraft:polished_blackstone_bricks":25,"minecraft:carrot":2919,"minecraft:redstone":45,"minecraft:weeping_vines":5,"minecraft:arrow":1299,"minecraft:diamond_chestplate":1,"minecraft:beetroot_seeds":2,"minecraft:nether_bricks":18,"minecraft:hay_block":17,"minecraft:mutton":21,"minecraft:white_wool":28,"minecraft:rail":133,"minecraft:stripped_oak_log":3,"minecraft:crimson_stem":6,"minecraft:leather":44,"minecraft:oak_log":62,"minecraft:ancient_debris":1,"minecraft:cobblestone_wall":4,"minecraft:yellow_bed":3,"minecraft:gunpowder":12,"minecraft:cobblestone_stairs":2,"minecraft:blue_bed":1,"minecraft:cooked_mutton":54,"minecraft:kelp":153,"minecraft:iron_ingot":10,"minecraft:stone_pickaxe":2,"minecraft:soul_sand":20,"minecraft:iron_sword":1,"minecraft:music_disc_chirp":1,"minecraft:book":21,"minecraft:warped_fungus":1,"minecraft:sweet_berries":24,"minecraft:quartz":30,"minecraft:dandelion":2,"minecraft:dripstone_block":21,"minecraft:gravel":44,"minecraft:white_bed":20,"minecraft:spruce_log":6,"minecraft:spruce_door":1,"minecraft:spider_eye":6,"minecraft:stone_axe":2,"minecraft:gray_wool":1,"minecraft:baked_potato":1,"minecraft:black_wool":3,"minecraft:coal":297,"minecraft:ender_pearl":3},"minecraft:used":{"minecraft:iron_shovel":35,"minecraft:dispenser":5,"minecraft:oak_sign":3,"minecraft:chest":7,"minecraft:shield":45,"minecraft:iron_sword":451,"minecraft:rotten_flesh":5,"minecraft:soul_sand":1,"minecraft:mutton":5,"minecraft:nether_bricks":15,"minecraft:carrot":1013,"minecraft:tuff":4,"minecraft:obsidian":16,"minecraft:bow":35,"minecraft:furnace":6,"minecraft:golden_boots":1,"minecraft:powered_rail":3,"minecraft:stone_pickaxe":155,"minecraft:oak_planks":16,"minecraft:wooden_pickaxe":21,"minecraft:blue_bed":1,"minecraft:sugar_cane":12,"minecraft:white_wool":1,"minecraft:golden_hoe":28,"minecraft:sand":1,"minecraft:redstone_torch":5,"minecraft:lever":1,"minecraft:bread":18,"minecraft:gravel":16,"minecraft:diamond_sword":515,"minecraft:andesite":9,"minecraft:bone_meal":116,"minecraft:golden_pickaxe":32,"minecraft:enchanting_table":1,"minecraft:stone_sword":9,"minecraft:flint_and_steel":1,"minecraft:redstone":5,"minecraft:light_gray_carpet":1,"minecraft:spruce_planks":1,"minecraft:netherrack":377,"minecraft:oak_door":1,"minecraft:torch":232,"minecraft:dirt":109,"minecraft:anvil":1,"minecraft:white_carpet":8,"minecraft:cobblestone_wall":2,"minecraft:granite":6,"minecraft:bookshelf":20,"minecraft:iron_axe":94,"minecraft:crimson_planks":23,"minecraft:light_gray_wool":2,"minecraft:minecart":8,"minecraft:cooked_beef":61,"minecraft:cobbled_deepslate":482,"minecraft:iron_leggings":1,"minecraft:pointed_dripstone":1,"minecraft:cooked_mutton":35,"minecraft:water_bucket":53,"minecraft:cobblestone_stairs":2,"minecraft:polished_blackstone_bricks":24,"minecraft:rail":251,"minecraft:crafting_table":10,"minecraft:red_bed":13,"minecraft:white_bed":20,"minecraft:piston":1,"minecraft:diamond_pickaxe":3665,"minecraft:cracked_polished_blackstone_bricks":8,"minecraft:iron_pickaxe":493,"minecraft:stone_axe":6,"minecraft:cobblestone":364,"minecraft:cooked_porkchop":22,"minecraft:bucket":54,"minecraft:yellow_bed":3,"minecraft:stripped_oak_log":1,"minecraft:kelp":25},"minecraft:crafted":{"minecraft:oak_planks":232,"minecraft:oak_sign":3,"minecraft:blaze_powder":12,"minecraft:lever":1,"minecraft:bookshelf":13,"minecraft:cooked_mutton":4,"minecraft:diamond_helmet":2,"minecraft:diamond_leggings":2,"minecraft:bow":3,"minecraft:chest":5,"minecraft:rail":128,"minecraft:ender_eye":12,"minecraft:cooked_porkchop":28,"minecraft:crafting_table":4,"minecraft:spruce_planks":24,"minecraft:wooden_pickaxe":1,"minecraft:baked_potato":8,"minecraft:book":22,"minecraft:paper":75,"minecraft:diamond_pickaxe":3,"minecraft:shield":2,"minecraft:stick":140,"minecraft:iron_ingot":137,"minecraft:iron_pickaxe":2,"minecraft:stone_sword":1,"minecraft:gold_ingot":18,"minecraft:redstone_torch":1,"minecraft:furnace":2,"minecraft:bone_meal":1920,"minecraft:oak_trapdoor":4,"minecraft:flint_and_steel":1,"minecraft:iron_axe":2,"minecraft:stone_pickaxe":2,"minecraft:cobblestone_wall":6,"minecraft:diamond_boots":2,"minecraft:wheat":81,"minecraft:cooked_beef":76,"minecraft:crimson_planks":24,"minecraft:diamond_sword":2,"minecraft:enchanting_table":1,"minecraft:iron_sword":2,"minecraft:bucket":3,"minecraft:bread":27,"minecraft:air":0,"minecraft:oak_boat":1,"minecraft:iron_shovel":2,"minecraft:iron_leggings":1,"minecraft:white_bed":2,"minecraft:torch":224,"minecraft:diamond_chestplate":2},"minecraft:dropped":{"minecraft:soul_sand":20,"minecraft:lapis_lazuli":31,"minecraft:warped_fungus":1,"minecraft:cooked_beef":4,"minecraft:diamond":6,"minecraft:cooked_porkchop":2,"minecraft:rail":3,"minecraft:flint":2,"minecraft:dirt":23,"minecraft:gold_nugget":96,"minecraft:sand":11,"minecraft:white_wool":8,"minecraft:bone":167,"minecraft:gravel":27,"minecraft:stone_axe":1,"minecraft:sugar_cane":10,"minecraft:cobbled_deepslate":862,"minecraft:pointed_dripstone":1,"minecraft:rotten_flesh":62,"minecraft:oak_planks":2,"minecraft:gunpowder":2,"minecraft:beetroot_seeds":2,"minecraft:arrow":13,"minecraft:quartz":4,"minecraft:netherrack":457,"minecraft:crimson_planks":1,"minecraft:bread":9,"minecraft:wheat_seeds":4,"minecraft:dripstone_block":13,"minecraft:feather":1,"minecraft:cobblestone":210,"minecraft:spectral_arrow":1,"minecraft:granite":5,"minecraft:grass_block":1,"minecraft:stick":31,"minecraft:diorite":17,"minecraft:torch":49,"minecraft:diamond_helmet":1,"minecraft:string":15,"minecraft:bucket":1,"minecraft:redstone":4,"minecraft:sweet_berries":24,"minecraft:oak_trapdoor":4,"minecraft:cobblestone_wall":4,"minecraft:raw_copper":20,"minecraft:tuff":50,"minecraft:raw_iron":1,"minecraft:shield":1,"minecraft:diamond_chestplate":1,"minecraft:spruce_planks":1,"minecraft:andesite":1,"minecraft:spider_eye":5,"minecraft:bow":53,"minecraft:wooden_pickaxe":1},"minecraft:mined":{"minecraft:white_bed":19,"minecraft:cobblestone_stairs":2,"minecraft:obsidian":21,"minecraft:granite":90,"minecraft:grass_block":80,"minecraft:cracked_polished_blackstone_bricks":9,"minecraft:nether_wart":20,"minecraft:gilded_blackstone":1,"minecraft:spawner":2,"minecraft:tall_seagrass":11,"minecraft:polished_blackstone_bricks":25,"minecraft:weeping_vines_plant":4,"minecraft:fire":15,"minecraft:iron_ore":180,"minecraft:cobbled_deepslate":124,"minecraft:deepslate_lapis_ore":19,"minecraft:pointed_dripstone":2,"minecraft:dirt_path":6,"minecraft:deepslate_redstone_ore":7,"minecraft:red_bed":14,"minecraft:kelp_plant":20,"minecraft:crimson_nylium":23,"minecraft:powder_snow":90,"minecraft:torch":10,"minecraft:chest":2,"minecraft:nether_quartz_ore":14,"minecraft:cobblestone":199,"minecraft:sugar_cane":51,"minecraft:oak_planks":13,"minecraft:wall_torch":15,"minecraft:seagrass":8,"minecraft:powered_rail":3,"minecraft:wheat":13,"minecraft:light_gray_wool":2,"minecraft:oak_log":61,"minecraft:sand":53,"minecraft:dirt":71,"minecraft:dispenser":2,"minecraft:ancient_debris":1,"minecraft:netherrack":1186,"minecraft:oak_leaves":21,"minecraft:deepslate":1017,"minecraft:nether_gold_ore":15,"minecraft:tuff":73,"minecraft:mossy_cobblestone":47,"minecraft:deepslate_diamond_ore":91,"minecraft:oak_door":1,"minecraft:glow_lichen":1,"minecraft:nether_bricks":23,"minecraft:crimson_roots":4,"minecraft:weeping_vines":2,"minecraft:spruce_leaves":16,"minecraft:kelp":2,"minecraft:crimson_stem":6,"minecraft:large_fern":5,"minecraft:hay_block":17,"minecraft:furnace":6,"minecraft:carrots":45,"minecraft:andesite":19,"minecraft:nether_brick_fence":27,"minecraft:bookshelf":4,"minecraft:potatoes":6,"minecraft:cobblestone_slab":1,"minecraft:deepslate_iron_ore":20,"minecraft:rail":105,"minecraft:stripped_oak_log":3,"minecraft:stone":661,"minecraft:white_wool":1,"minecraft:light_gray_carpet":4,"minecraft:soul_sand":20,"minecraft:dandelion":2,"minecraft:spruce_door":1,"minecraft:oak_fence":1,"minecraft:crafting_table":7,"minecraft:short_grass":37,"minecraft:tall_grass":30,"minecraft:copper_ore":5,"minecraft:deepslate_gold_ore":5,"minecraft:sculk":61,"minecraft:diorite":83,"minecraft:blue_bed":1,"minecraft:redstone_torch":2,"minecraft:sweet_berry_bush":10,"minecraft:ice":3,"minecraft:white_carpet":12,"minecraft:spruce_log":6,"minecraft:yellow_bed":3,"minecraft:coal_ore":144,"minecraft:gravel":28,"minecraft:dripstone_block":19,"minecraft:cobweb":11,"minecraft:fern":3},"minecraft:broken":{"minecraft:stone_pickaxe":2,"minecraft:diamond_pickaxe":1,"minecraft:iron_sword":2,"minecraft:iron_pickaxe":1,"minecraft:golden_pickaxe":1},"minecraft:custom":{"minecraft:interact_with_crafting_table":92,"minecraft:leave_game":25,"minecraft:time_since_death":346213,"minecraft:sprint_one_cm":1524837,"minecraft:damage_blocked_by_shield":1379,"minecraft:drop":196,"minecraft:talked_to_villager":15,"minecraft:play_time":851048,"minecraft:deaths":2,"minecraft:jump":13742,"minecraft:walk_on_water_one_cm":106598,"minecraft:enchant_item":14,"minecraft:interact_with_furnace":105,"minecraft:sleep_in_bed":30,"minecraft:damage_dealt":41704,"minecraft:player_kills":2,"minecraft:crouch_one_cm":201924,"minecraft:inspect_dispenser":14,"minecraft:mob_kills":937,"minecraft:interact_with_anvil":2,"minecraft:climb_one_cm":2285,"minecraft:walk_one_cm":1247243,"minecraft:sneak_time":67782,"minecraft:walk_under_water_one_cm":54301,"minecraft:boat_one_cm":149825,"minecraft:total_world_time":851048,"minecraft:time_since_rest":29259,"minecraft:damage_taken":7421,"minecraft:swim_one_cm":163459,"minecraft:fly_one_cm":2424712,"minecraft:open_chest":258,"minecraft:fall_one_cm":313903},"minecraft:killed":{"minecraft:cave_spider":2,"minecraft:witch":1,"minecraft:spider":7,"minecraft:skeleton":692,"minecraft:chicken":5,"minecraft:piglin_brute":3,"minecraft:piglin":15,"minecraft:pig":16,"minecraft:zombie_villager":1,"minecraft:creeper":4,"minecraft:sheep":33,"minecraft:zombie":48,"minecraft:ghast":1,"minecraft:blaze":45,"minecraft:cow":39,"minecraft:hoglin":5,"minecraft:villager":2,"minecraft:enderman":4}},"DataVersion":3953}